business_id,booking_service_id,booking_id,service_id,staff_id,duration_minutes
B001,BSB00001,B00001,SV02,S01,120
B001,BSB00002,B00002,SV02,S01,120
B001,BSB00003,B00003,SV02,S01,120
B001,BSB00004,B00004,SV02,S01,120
B001,BSB00005,B00005,SV02,S01,120
B001,BSB00006,B00006,SV02,S01,120
B001,BSB00007,B00007,SV02,S01,120
B001,BSB00008,B00008,SV02,S01,120
B001,BSB00009,B00009,SV02,S01,120
B001,BSB00010,B00010,SV02,S01,120
B001,BSB00011,B00011,SV01,S01,60
B001,BSB00012,B00012,SV01,S01,60
B001,BSB00013,B00013,SV01,S01,60
B001,BSB00014,B00014,SV01,S01,60
B001,BSB00015,B00015,SV01,S01,60
B001,BSB00016,B00016,SV01,S01,60
B001,BSB00017,B00017,SV01,S01,60
B001,BSB00018,B00018,SV01,S01,60
B001,BSB00019,B00019,SV01,S01,60
B001,BSB00020,B00020,SV01,S01,60
B001,BSB00021,B00021,SV02,S02,120
B001,BSB00022,B00022,SV02,S02,120
B001,BSB00023,B00023,SV02,S02,120
B001,BSB00024,B00024,SV02,S02,120
B001,BSB00025,B00025,SV02,S02,120
B001,BSB00026,B00026,SV02,S02,120
B001,BSB00027,B00027,SV02,S02,120
B001,BSB00028,B00028,SV02,S02,120
B001,BSB00029,B00029,SV02,S02,120
B001,BSB00030,B00030,SV02,S02,120
B001,BSB00031,B00031,SV01,S02,60
B001,BSB00032,B00032,SV01,S02,60
B001,BSB00033,B00033,SV01,S02,60
B001,BSB00034,B00034,SV01,S02,60
B001,BSB00035,B00035,SV01,S02,60
B001,BSB00036,B00036,SV01,S02,60
B001,BSB00037,B00037,SV01,S02,60
B001,BSB00038,B00038,SV01,S02,60
B001,BSB00039,B00039,SV01,S02,60
B001,BSB00040,B00040,SV01,S02,60
B001,BSB00041,B00041,SV02,S03,120
B001,BSB00042,B00042,SV02,S03,120
B001,BSB00043,B00043,SV02,S03,120
B001,BSB00044,B00044,SV02,S03,120
B001,BSB00045,B00045,SV02,S03,120
B001,BSB00046,B00046,SV02,S03,120
B001,BSB00047,B00047,SV02,S03,120
B001,BSB00048,B00048,SV02,S03,120
B001,BSB00049,B00049,SV02,S03,120
B001,BSB00050,B00050,SV02,S03,120
B001,BSB00051,B00051,SV02,S03,120
B001,BSB00052,B00052,SV02,S03,120
B001,BSB00053,B00053,SV01,S03,60
B001,BSB00054,B00054,SV01,S03,60
B001,BSB00055,B00055,SV01,S03,60
B001,BSB00056,B00056,SV01,S03,60
B001,BSB00057,B00057,SV01,S03,60
B001,BSB00058,B00058,SV01,S03,60
B001,BSB00059,B00059,SV02,S01,120
B001,BSB00060,B00060,SV02,S01,120
B001,BSB00061,B00061,SV02,S01,120
B001,BSB00062,B00062,SV02,S01,120
B001,BSB00063,B00063,SV02,S01,120
B001,BSB00064,B00064,SV02,S01,120
B001,BSB00065,B00065,SV02,S01,120
B001,BSB00066,B00066,SV02,S01,120
B001,BSB00067,B00067,SV02,S01,120
B001,BSB00068,B00068,SV02,S01,120
B001,BSB00069,B00069,SV01,S01,60
B001,BSB00070,B00070,SV01,S01,60
B001,BSB00071,B00071,SV01,S01,60
B001,BSB00072,B00072,SV01,S01,60
B001,BSB00073,B00073,SV01,S01,60
B001,BSB00074,B00074,SV01,S01,60
B001,BSB00075,B00075,SV01,S01,60
B001,BSB00076,B00076,SV01,S01,60
B001,BSB00077,B00077,SV01,S01,60
B001,BSB00078,B00078,SV01,S01,60
B001,BSB00079,B00079,SV02,S02,120
B001,BSB00080,B00080,SV02,S02,120
B001,BSB00081,B00081,SV02,S02,120
B001,BSB00082,B00082,SV02,S02,120
B001,BSB00083,B00083,SV02,S02,120
B001,BSB00084,B00084,SV02,S02,120
B001,BSB00085,B00085,SV02,S02,120
B001,BSB00086,B00086,SV02,S02,120
B001,BSB00087,B00087,SV02,S02,120
B001,BSB00088,B00088,SV02,S02,120
B001,BSB00089,B00089,SV01,S02,60
B001,BSB00090,B00090,SV01,S02,60
B001,BSB00091,B00091,SV01,S02,60
B001,BSB00092,B00092,SV01,S02,60
B001,BSB00093,B00093,SV01,S02,60
B001,BSB00094,B00094,SV01,S02,60
B001,BSB00095,B00095,SV01,S02,60
B001,BSB00096,B00096,SV01,S02,60
B001,BSB00097,B00097,SV01,S02,60
B001,BSB00098,B00098,SV01,S02,60
B001,BSB00099,B00099,SV02,S03,120
B001,BSB00100,B00100,SV02,S03,120
B001,BSB00101,B00101,SV02,S03,120
B001,BSB00102,B00102,SV02,S03,120
B001,BSB00103,B00103,SV02,S03,120
B001,BSB00104,B00104,SV02,S03,120
B001,BSB00105,B00105,SV02,S03,120
B001,BSB00106,B00106,SV02,S03,120
B001,BSB00107,B00107,SV02,S03,120
B001,BSB00108,B00108,SV02,S03,120
B001,BSB00109,B00109,SV02,S03,120
B001,BSB00110,B00110,SV02,S03,120
B001,BSB00111,B00111,SV01,S03,60
B001,BSB00112,B00112,SV01,S03,60
B001,BSB00113,B00113,SV01,S03,60
B001,BSB00114,B00114,SV01,S03,60
B001,BSB00115,B00115,SV01,S03,60
B001,BSB00116,B00116,SV01,S03,60
B001,BSB00117,B00117,SV02,S01,120
B001,BSB00118,B00118,SV02,S01,120
B001,BSB00119,B00119,SV02,S01,120
B001,BSB00120,B00120,SV02,S01,120
B001,BSB00121,B00121,SV02,S01,120
B001,BSB00122,B00122,SV02,S01,120
B001,BSB00123,B00123,SV02,S01,120
B001,BSB00124,B00124,SV02,S01,120
B001,BSB00125,B00125,SV02,S01,120
B001,BSB00126,B00126,SV02,S01,120
B001,BSB00127,B00127,SV01,S01,60
B001,BSB00128,B00128,SV01,S01,60
B001,BSB00129,B00129,SV01,S01,60
B001,BSB00130,B00130,SV01,S01,60
B001,BSB00131,B00131,SV01,S01,60
B001,BSB00132,B00132,SV01,S01,60
B001,BSB00133,B00133,SV01,S01,60
B001,BSB00134,B00134,SV01,S01,60
B001,BSB00135,B00135,SV01,S01,60
B001,BSB00136,B00136,SV01,S01,60
B001,BSB00137,B00137,SV02,S02,120
B001,BSB00138,B00138,SV02,S02,120
B001,BSB00139,B00139,SV02,S02,120
B001,BSB00140,B00140,SV02,S02,120
B001,BSB00141,B00141,SV02,S02,120
B001,BSB00142,B00142,SV02,S02,120
B001,BSB00143,B00143,SV02,S02,120
B001,BSB00144,B00144,SV02,S02,120
B001,BSB00145,B00145,SV02,S02,120
B001,BSB00146,B00146,SV02,S02,120
B001,BSB00147,B00147,SV01,S02,60
B001,BSB00148,B00148,SV01,S02,60
B001,BSB00149,B00149,SV01,S02,60
B001,BSB00150,B00150,SV01,S02,60
B001,BSB00151,B00151,SV01,S02,60
B001,BSB00152,B00152,SV01,S02,60
B001,BSB00153,B00153,SV01,S02,60
B001,BSB00154,B00154,SV01,S02,60
B001,BSB00155,B00155,SV01,S02,60
B001,BSB00156,B00156,SV01,S02,60
B001,BSB00157,B00157,SV02,S03,120
B001,BSB00158,B00158,SV02,S03,120
B001,BSB00159,B00159,SV02,S03,120
B001,BSB00160,B00160,SV02,S03,120
B001,BSB00161,B00161,SV02,S03,120
B001,BSB00162,B00162,SV02,S03,120
B001,BSB00163,B00163,SV02,S03,120
B001,BSB00164,B00164,SV02,S03,120
B001,BSB00165,B00165,SV02,S03,120
B001,BSB00166,B00166,SV02,S03,120
B001,BSB00167,B00167,SV02,S03,120
B001,BSB00168,B00168,SV02,S03,120
B001,BSB00169,B00169,SV01,S03,60
B001,BSB00170,B00170,SV01,S03,60
B001,BSB00171,B00171,SV01,S03,60
B001,BSB00172,B00172,SV01,S03,60
B001,BSB00173,B00173,SV01,S03,60
B001,BSB00174,B00174,SV01,S03,60
B001,BSB00175,B00175,SV02,S01,120
B001,BSB00176,B00176,SV02,S01,120
B001,BSB00177,B00177,SV02,S01,120
B001,BSB00178,B00178,SV02,S01,120
B001,BSB00179,B00179,SV02,S01,120
B001,BSB00180,B00180,SV02,S01,120
B001,BSB00181,B00181,SV02,S01,120
B001,BSB00182,B00182,SV02,S01,120
B001,BSB00183,B00183,SV02,S01,120
B001,BSB00184,B00184,SV02,S01,120
B001,BSB00185,B00185,SV01,S01,60
B001,BSB00186,B00186,SV01,S01,60
B001,BSB00187,B00187,SV01,S01,60
B001,BSB00188,B00188,SV01,S01,60
B001,BSB00189,B00189,SV01,S01,60
B001,BSB00190,B00190,SV01,S01,60
B001,BSB00191,B00191,SV01,S01,60
B001,BSB00192,B00192,SV01,S01,60
B001,BSB00193,B00193,SV01,S01,60
B001,BSB00194,B00194,SV01,S01,60
B001,BSB00195,B00195,SV02,S02,120
B001,BSB00196,B00196,SV02,S02,120
B001,BSB00197,B00197,SV02,S02,120
B001,BSB00198,B00198,SV02,S02,120
B001,BSB00199,B00199,SV02,S02,120
B001,BSB00200,B00200,SV02,S02,120
B001,BSB00201,B00201,SV02,S02,120
B001,BSB00202,B00202,SV02,S02,120
B001,BSB00203,B00203,SV02,S02,120
B001,BSB00204,B00204,SV02,S02,120
B001,BSB00205,B00205,SV01,S02,60
B001,BSB00206,B00206,SV01,S02,60
B001,BSB00207,B00207,SV01,S02,60
B001,BSB00208,B00208,SV01,S02,60
B001,BSB00209,B00209,SV01,S02,60
B001,BSB00210,B00210,SV01,S02,60
B001,BSB00211,B00211,SV01,S02,60
B001,BSB00212,B00212,SV01,S02,60
B001,BSB00213,B00213,SV01,S02,60
B001,BSB00214,B00214,SV01,S02,60
B001,BSB00215,B00215,SV02,S03,120
B001,BSB00216,B00216,SV02,S03,120
B001,BSB00217,B00217,SV02,S03,120
B001,BSB00218,B00218,SV02,S03,120
B001,BSB00219,B00219,SV02,S03,120
B001,BSB00220,B00220,SV02,S03,120
B001,BSB00221,B00221,SV02,S03,120
B001,BSB00222,B00222,SV02,S03,120
B001,BSB00223,B00223,SV02,S03,120
B001,BSB00224,B00224,SV02,S03,120
B001,BSB00225,B00225,SV02,S03,120
B001,BSB00226,B00226,SV02,S03,120
B001,BSB00227,B00227,SV01,S03,60
B001,BSB00228,B00228,SV01,S03,60
B001,BSB00229,B00229,SV01,S03,60
B001,BSB00230,B00230,SV01,S03,60
B001,BSB00231,B00231,SV01,S03,60
B001,BSB00232,B00232,SV01,S03,60
B001,BSB00233,B00233,SV02,S01,120
B001,BSB00234,B00234,SV02,S01,120
B001,BSB00235,B00235,SV02,S01,120
B001,BSB00236,B00236,SV02,S01,120
B001,BSB00237,B00237,SV02,S01,120
B001,BSB00238,B00238,SV02,S01,120
B001,BSB00239,B00239,SV02,S01,120
B001,BSB00240,B00240,SV02,S01,120
B001,BSB00241,B00241,SV02,S01,120
B001,BSB00242,B00242,SV02,S01,120
B001,BSB00243,B00243,SV01,S01,60
B001,BSB00244,B00244,SV01,S01,60
B001,BSB00245,B00245,SV01,S01,60
B001,BSB00246,B00246,SV01,S01,60
B001,BSB00247,B00247,SV01,S01,60
B001,BSB00248,B00248,SV01,S01,60
B001,BSB00249,B00249,SV01,S01,60
B001,BSB00250,B00250,SV01,S01,60
B001,BSB00251,B00251,SV01,S01,60
B001,BSB00252,B00252,SV01,S01,60
B001,BSB00253,B00253,SV02,S02,120
B001,BSB00254,B00254,SV02,S02,120
B001,BSB00255,B00255,SV02,S02,120
B001,BSB00256,B00256,SV02,S02,120
B001,BSB00257,B00257,SV02,S02,120
B001,BSB00258,B00258,SV02,S02,120
B001,BSB00259,B00259,SV02,S02,120
B001,BSB00260,B00260,SV02,S02,120
B001,BSB00261,B00261,SV02,S02,120
B001,BSB00262,B00262,SV02,S02,120
B001,BSB00263,B00263,SV01,S02,60
B001,BSB00264,B00264,SV01,S02,60
B001,BSB00265,B00265,SV01,S02,60
B001,BSB00266,B00266,SV01,S02,60
B001,BSB00267,B00267,SV01,S02,60
B001,BSB00268,B00268,SV01,S02,60
B001,BSB00269,B00269,SV01,S02,60
B001,BSB00270,B00270,SV01,S02,60
B001,BSB00271,B00271,SV01,S02,60
B001,BSB00272,B00272,SV01,S02,60
B001,BSB00273,B00273,SV02,S03,120
B001,BSB00274,B00274,SV02,S03,120
B001,BSB00275,B00275,SV02,S03,120
B001,BSB00276,B00276,SV02,S03,120
B001,BSB00277,B00277,SV02,S03,120
B001,BSB00278,B00278,SV02,S03,120
B001,BSB00279,B00279,SV02,S03,120
B001,BSB00280,B00280,SV02,S03,120
B001,BSB00281,B00281,SV02,S03,120
B001,BSB00282,B00282,SV02,S03,120
B001,BSB00283,B00283,SV02,S03,120
B001,BSB00284,B00284,SV02,S03,120
B001,BSB00285,B00285,SV01,S03,60
B001,BSB00286,B00286,SV01,S03,60
B001,BSB00287,B00287,SV01,S03,60
B001,BSB00288,B00288,SV01,S03,60
B001,BSB00289,B00289,SV01,S03,60
B001,BSB00290,B00290,SV01,S03,60
B001,BSB00291,B00291,SV02,S01,120
B001,BSB00292,B00292,SV02,S01,120
B001,BSB00293,B00293,SV02,S01,120
B001,BSB00294,B00294,SV02,S01,120
B001,BSB00295,B00295,SV02,S01,120
B001,BSB00296,B00296,SV02,S01,120
B001,BSB00297,B00297,SV02,S01,120
B001,BSB00298,B00298,SV02,S01,120
B001,BSB00299,B00299,SV02,S01,120
B001,BSB00300,B00300,SV02,S01,120
B001,BSB00301,B00301,SV01,S01,60
B001,BSB00302,B00302,SV01,S01,60
B001,BSB00303,B00303,SV01,S01,60
B001,BSB00304,B00304,SV01,S01,60
B001,BSB00305,B00305,SV01,S01,60
B001,BSB00306,B00306,SV01,S01,60
B001,BSB00307,B00307,SV01,S01,60
B001,BSB00308,B00308,SV01,S01,60
B001,BSB00309,B00309,SV01,S01,60
B001,BSB00310,B00310,SV01,S01,60
B001,BSB00311,B00311,SV02,S02,120
B001,BSB00312,B00312,SV02,S02,120
B001,BSB00313,B00313,SV02,S02,120
B001,BSB00314,B00314,SV02,S02,120
B001,BSB00315,B00315,SV02,S02,120
B001,BSB00316,B00316,SV02,S02,120
B001,BSB00317,B00317,SV02,S02,120
B001,BSB00318,B00318,SV02,S02,120
B001,BSB00319,B00319,SV02,S02,120
B001,BSB00320,B00320,SV02,S02,120
B001,BSB00321,B00321,SV01,S02,60
B001,BSB00322,B00322,SV01,S02,60
B001,BSB00323,B00323,SV01,S02,60
B001,BSB00324,B00324,SV01,S02,60
B001,BSB00325,B00325,SV01,S02,60
B001,BSB00326,B00326,SV01,S02,60
B001,BSB00327,B00327,SV01,S02,60
B001,BSB00328,B00328,SV01,S02,60
B001,BSB00329,B00329,SV01,S02,60
B001,BSB00330,B00330,SV01,S02,60
B001,BSB00331,B00331,SV02,S03,120
B001,BSB00332,B00332,SV02,S03,120
B001,BSB00333,B00333,SV02,S03,120
B001,BSB00334,B00334,SV02,S03,120
B001,BSB00335,B00335,SV02,S03,120
B001,BSB00336,B00336,SV02,S03,120
B001,BSB00337,B00337,SV02,S03,120
B001,BSB00338,B00338,SV02,S03,120
B001,BSB00339,B00339,SV02,S03,120
B001,BSB00340,B00340,SV02,S03,120
B001,BSB00341,B00341,SV02,S03,120
B001,BSB00342,B00342,SV02,S03,120
B001,BSB00343,B00343,SV01,S03,60
B001,BSB00344,B00344,SV01,S03,60
B001,BSB00345,B00345,SV01,S03,60
B001,BSB00346,B00346,SV01,S03,60
B001,BSB00347,B00347,SV01,S03,60
B001,BSB00348,B00348,SV01,S03,60
B001,BSB00349,B00349,SV02,S01,120
B001,BSB00350,B00350,SV02,S01,120
B001,BSB00351,B00351,SV02,S01,120
B001,BSB00352,B00352,SV02,S01,120
B001,BSB00353,B00353,SV02,S01,120
B001,BSB00354,B00354,SV02,S01,120
B001,BSB00355,B00355,SV02,S01,120
B001,BSB00356,B00356,SV02,S01,120
B001,BSB00357,B00357,SV02,S01,120
B001,BSB00358,B00358,SV02,S01,120
B001,BSB00359,B00359,SV01,S01,60
B001,BSB00360,B00360,SV01,S01,60
B001,BSB00361,B00361,SV01,S01,60
B001,BSB00362,B00362,SV01,S01,60
B001,BSB00363,B00363,SV01,S01,60
B001,BSB00364,B00364,SV01,S01,60
B001,BSB00365,B00365,SV01,S01,60
B001,BSB00366,B00366,SV01,S01,60
B001,BSB00367,B00367,SV01,S01,60
B001,BSB00368,B00368,SV01,S01,60
B001,BSB00369,B00369,SV02,S02,120
B001,BSB00370,B00370,SV02,S02,120
B001,BSB00371,B00371,SV02,S02,120
B001,BSB00372,B00372,SV02,S02,120
B001,BSB00373,B00373,SV02,S02,120
B001,BSB00374,B00374,SV02,S02,120
B001,BSB00375,B00375,SV02,S02,120
B001,BSB00376,B00376,SV02,S02,120
B001,BSB00377,B00377,SV02,S02,120
B001,BSB00378,B00378,SV02,S02,120
B001,BSB00379,B00379,SV01,S02,60
B001,BSB00380,B00380,SV01,S02,60
B001,BSB00381,B00381,SV01,S02,60
B001,BSB00382,B00382,SV01,S02,60
B001,BSB00383,B00383,SV01,S02,60
B001,BSB00384,B00384,SV01,S02,60
B001,BSB00385,B00385,SV01,S02,60
B001,BSB00386,B00386,SV01,S02,60
B001,BSB00387,B00387,SV01,S02,60
B001,BSB00388,B00388,SV01,S02,60
B001,BSB00389,B00389,SV02,S03,120
B001,BSB00390,B00390,SV02,S03,120
B001,BSB00391,B00391,SV02,S03,120
B001,BSB00392,B00392,SV02,S03,120
B001,BSB00393,B00393,SV02,S03,120
B001,BSB00394,B00394,SV02,S03,120
B001,BSB00395,B00395,SV02,S03,120
B001,BSB00396,B00396,SV02,S03,120
B001,BSB00397,B00397,SV02,S03,120
B001,BSB00398,B00398,SV02,S03,120
B001,BSB00399,B00399,SV02,S03,120
B001,BSB00400,B00400,SV02,S03,120
B001,BSB00401,B00401,SV01,S03,60
B001,BSB00402,B00402,SV01,S03,60
B001,BSB00403,B00403,SV01,S03,60
B001,BSB00404,B00404,SV01,S03,60
B001,BSB00405,B00405,SV01,S03,60
B001,BSB00406,B00406,SV01,S03,60
B001,BSB00407,B00407,SV02,S01,120
B001,BSB00408,B00408,SV02,S01,120
B001,BSB00409,B00409,SV02,S01,120
B001,BSB00410,B00410,SV02,S01,120
B001,BSB00411,B00411,SV02,S01,120
B001,BSB00412,B00412,SV02,S01,120
B001,BSB00413,B00413,SV02,S01,120
B001,BSB00414,B00414,SV02,S01,120
B001,BSB00415,B00415,SV02,S01,120
B001,BSB00416,B00416,SV02,S01,120
B001,BSB00417,B00417,SV01,S01,60
B001,BSB00418,B00418,SV01,S01,60
B001,BSB00419,B00419,SV01,S01,60
B001,BSB00420,B00420,SV01,S01,60
B001,BSB00421,B00421,SV01,S01,60
B001,BSB00422,B00422,SV01,S01,60
B001,BSB00423,B00423,SV01,S01,60
B001,BSB00424,B00424,SV01,S01,60
B001,BSB00425,B00425,SV01,S01,60
B001,BSB00426,B00426,SV01,S01,60
B001,BSB00427,B00427,SV02,S02,120
B001,BSB00428,B00428,SV02,S02,120
B001,BSB00429,B00429,SV02,S02,120
B001,BSB00430,B00430,SV02,S02,120
B001,BSB00431,B00431,SV02,S02,120
B001,BSB00432,B00432,SV02,S02,120
B001,BSB00433,B00433,SV02,S02,120
B001,BSB00434,B00434,SV02,S02,120
B001,BSB00435,B00435,SV02,S02,120
B001,BSB00436,B00436,SV02,S02,120
B001,BSB00437,B00437,SV01,S02,60
B001,BSB00438,B00438,SV01,S02,60
B001,BSB00439,B00439,SV01,S02,60
B001,BSB00440,B00440,SV01,S02,60
B001,BSB00441,B00441,SV01,S02,60
B001,BSB00442,B00442,SV01,S02,60
B001,BSB00443,B00443,SV01,S02,60
B001,BSB00444,B00444,SV01,S02,60
B001,BSB00445,B00445,SV01,S02,60
B001,BSB00446,B00446,SV01,S02,60
B001,BSB00447,B00447,SV02,S03,120
B001,BSB00448,B00448,SV02,S03,120
B001,BSB00449,B00449,SV02,S03,120
B001,BSB00450,B00450,SV02,S03,120
B001,BSB00451,B00451,SV02,S03,120
B001,BSB00452,B00452,SV02,S03,120
B001,BSB00453,B00453,SV02,S03,120
B001,BSB00454,B00454,SV02,S03,120
B001,BSB00455,B00455,SV02,S03,120
B001,BSB00456,B00456,SV02,S03,120
B001,BSB00457,B00457,SV02,S03,120
B001,BSB00458,B00458,SV02,S03,120
B001,BSB00459,B00459,SV01,S03,60
B001,BSB00460,B00460,SV01,S03,60
B001,BSB00461,B00461,SV01,S03,60
B001,BSB00462,B00462,SV01,S03,60
B001,BSB00463,B00463,SV01,S03,60
B001,BSB00464,B00464,SV01,S03,60
B001,BSB00465,B00465,SV02,S01,120
B001,BSB00466,B00466,SV02,S01,120
B001,BSB00467,B00467,SV02,S01,120
B001,BSB00468,B00468,SV02,S01,120
B001,BSB00469,B00469,SV02,S01,120
B001,BSB00470,B00470,SV02,S01,120
B001,BSB00471,B00471,SV02,S01,120
B001,BSB00472,B00472,SV02,S01,120
B001,BSB00473,B00473,SV02,S01,120
B001,BSB00474,B00474,SV02,S01,120
B001,BSB00475,B00475,SV01,S01,60
B001,BSB00476,B00476,SV01,S01,60
B001,BSB00477,B00477,SV01,S01,60
B001,BSB00478,B00478,SV01,S01,60
B001,BSB00479,B00479,SV01,S01,60
B001,BSB00480,B00480,SV01,S01,60
B001,BSB00481,B00481,SV01,S01,60
B001,BSB00482,B00482,SV01,S01,60
B001,BSB00483,B00483,SV01,S01,60
B001,BSB00484,B00484,SV01,S01,60
B001,BSB00485,B00485,SV02,S02,120
B001,BSB00486,B00486,SV02,S02,120
B001,BSB00487,B00487,SV02,S02,120
B001,BSB00488,B00488,SV02,S02,120
B001,BSB00489,B00489,SV02,S02,120
B001,BSB00490,B00490,SV02,S02,120
B001,BSB00491,B00491,SV02,S02,120
B001,BSB00492,B00492,SV02,S02,120
B001,BSB00493,B00493,SV02,S02,120
B001,BSB00494,B00494,SV02,S02,120
B001,BSB00495,B00495,SV01,S02,60
B001,BSB00496,B00496,SV01,S02,60
B001,BSB00497,B00497,SV01,S02,60
B001,BSB00498,B00498,SV01,S02,60
B001,BSB00499,B00499,SV01,S02,60
B001,BSB00500,B00500,SV01,S02,60
B001,BSB00501,B00501,SV01,S02,60
B001,BSB00502,B00502,SV01,S02,60
B001,BSB00503,B00503,SV01,S02,60
B001,BSB00504,B00504,SV01,S02,60
B001,BSB00505,B00505,SV02,S03,120
B001,BSB00506,B00506,SV02,S03,120
B001,BSB00507,B00507,SV02,S03,120
B001,BSB00508,B00508,SV02,S03,120
B001,BSB00509,B00509,SV02,S03,120
B001,BSB00510,B00510,SV02,S03,120
B001,BSB00511,B00511,SV02,S03,120
B001,BSB00512,B00512,SV02,S03,120
B001,BSB00513,B00513,SV02,S03,120
B001,BSB00514,B00514,SV02,S03,120
B001,BSB00515,B00515,SV02,S03,120
B001,BSB00516,B00516,SV02,S03,120
B001,BSB00517,B00517,SV01,S03,60
B001,BSB00518,B00518,SV01,S03,60
B001,BSB00519,B00519,SV01,S03,60
B001,BSB00520,B00520,SV01,S03,60
B001,BSB00521,B00521,SV01,S03,60
B001,BSB00522,B00522,SV01,S03,60
B001,BSB00523,B00523,SV02,S01,120
B001,BSB00524,B00524,SV02,S01,120
B001,BSB00525,B00525,SV02,S01,120
B001,BSB00526,B00526,SV02,S01,120
B001,BSB00527,B00527,SV02,S01,120
B001,BSB00528,B00528,SV02,S01,120
B001,BSB00529,B00529,SV02,S01,120
B001,BSB00530,B00530,SV02,S01,120
B001,BSB00531,B00531,SV02,S01,120
B001,BSB00532,B00532,SV02,S01,120
B001,BSB00533,B00533,SV01,S01,60
B001,BSB00534,B00534,SV01,S01,60
B001,BSB00535,B00535,SV01,S01,60
B001,BSB00536,B00536,SV01,S01,60
B001,BSB00537,B00537,SV01,S01,60
B001,BSB00538,B00538,SV01,S01,60
B001,BSB00539,B00539,SV01,S01,60
B001,BSB00540,B00540,SV01,S01,60
B001,BSB00541,B00541,SV01,S01,60
B001,BSB00542,B00542,SV01,S01,60
B001,BSB00543,B00543,SV02,S02,120
B001,BSB00544,B00544,SV02,S02,120
B001,BSB00545,B00545,SV02,S02,120
B001,BSB00546,B00546,SV02,S02,120
B001,BSB00547,B00547,SV02,S02,120
B001,BSB00548,B00548,SV02,S02,120
B001,BSB00549,B00549,SV02,S02,120
B001,BSB00550,B00550,SV02,S02,120
B001,BSB00551,B00551,SV02,S02,120
B001,BSB00552,B00552,SV02,S02,120
B001,BSB00553,B00553,SV01,S02,60
B001,BSB00554,B00554,SV01,S02,60
B001,BSB00555,B00555,SV01,S02,60
B001,BSB00556,B00556,SV01,S02,60
B001,BSB00557,B00557,SV01,S02,60
B001,BSB00558,B00558,SV01,S02,60
B001,BSB00559,B00559,SV01,S02,60
B001,BSB00560,B00560,SV01,S02,60
B001,BSB00561,B00561,SV01,S02,60
B001,BSB00562,B00562,SV01,S02,60
B001,BSB00563,B00563,SV02,S03,120
B001,BSB00564,B00564,SV02,S03,120
B001,BSB00565,B00565,SV02,S03,120
B001,BSB00566,B00566,SV02,S03,120
B001,BSB00567,B00567,SV02,S03,120
B001,BSB00568,B00568,SV02,S03,120
B001,BSB00569,B00569,SV02,S03,120
B001,BSB00570,B00570,SV02,S03,120
B001,BSB00571,B00571,SV02,S03,120
B001,BSB00572,B00572,SV02,S03,120
B001,BSB00573,B00573,SV02,S03,120
B001,BSB00574,B00574,SV02,S03,120
B001,BSB00575,B00575,SV01,S03,60
B001,BSB00576,B00576,SV01,S03,60
B001,BSB00577,B00577,SV01,S03,60
B001,BSB00578,B00578,SV01,S03,60
B001,BSB00579,B00579,SV01,S03,60
B001,BSB00580,B00580,SV01,S03,60
B001,BSB00581,B00581,SV02,S01,120
B001,BSB00582,B00582,SV02,S01,120
B001,BSB00583,B00583,SV02,S01,120
B001,BSB00584,B00584,SV02,S01,120
B001,BSB00585,B00585,SV02,S01,120
B001,BSB00586,B00586,SV02,S01,120
B001,BSB00587,B00587,SV02,S01,120
B001,BSB00588,B00588,SV02,S01,120
B001,BSB00589,B00589,SV02,S01,120
B001,BSB00590,B00590,SV02,S01,120
B001,BSB00591,B00591,SV01,S01,60
B001,BSB00592,B00592,SV01,S01,60
B001,BSB00593,B00593,SV01,S01,60
B001,BSB00594,B00594,SV01,S01,60
B001,BSB00595,B00595,SV01,S01,60
B001,BSB00596,B00596,SV01,S01,60
B001,BSB00597,B00597,SV01,S01,60
B001,BSB00598,B00598,SV01,S01,60
B001,BSB00599,B00599,SV01,S01,60
B001,BSB00600,B00600,SV01,S01,60
B001,BSB00601,B00601,SV02,S02,120
B001,BSB00602,B00602,SV02,S02,120
B001,BSB00603,B00603,SV02,S02,120
B001,BSB00604,B00604,SV02,S02,120
B001,BSB00605,B00605,SV02,S02,120
B001,BSB00606,B00606,SV02,S02,120
B001,BSB00607,B00607,SV02,S02,120
B001,BSB00608,B00608,SV02,S02,120
B001,BSB00609,B00609,SV02,S02,120
B001,BSB00610,B00610,SV02,S02,120
B001,BSB00611,B00611,SV01,S02,60
B001,BSB00612,B00612,SV01,S02,60
B001,BSB00613,B00613,SV01,S02,60
B001,BSB00614,B00614,SV01,S02,60
B001,BSB00615,B00615,SV01,S02,60
B001,BSB00616,B00616,SV01,S02,60
B001,BSB00617,B00617,SV01,S02,60
B001,BSB00618,B00618,SV01,S02,60
B001,BSB00619,B00619,SV01,S02,60
B001,BSB00620,B00620,SV01,S02,60
B001,BSB00621,B00621,SV02,S03,120
B001,BSB00622,B00622,SV02,S03,120
B001,BSB00623,B00623,SV02,S03,120
B001,BSB00624,B00624,SV02,S03,120
B001,BSB00625,B00625,SV02,S03,120
B001,BSB00626,B00626,SV02,S03,120
B001,BSB00627,B00627,SV02,S03,120
B001,BSB00628,B00628,SV02,S03,120
B001,BSB00629,B00629,SV02,S03,120
B001,BSB00630,B00630,SV02,S03,120
B001,BSB00631,B00631,SV02,S03,120
B001,BSB00632,B00632,SV02,S03,120
B001,BSB00633,B00633,SV01,S03,60
B001,BSB00634,B00634,SV01,S03,60
B001,BSB00635,B00635,SV01,S03,60
B001,BSB00636,B00636,SV01,S03,60
B001,BSB00637,B00637,SV01,S03,60
B001,BSB00638,B00638,SV01,S03,60
B001,BSB00639,B00639,SV02,S01,120
B001,BSB00640,B00640,SV02,S01,120
B001,BSB00641,B00641,SV02,S01,120
B001,BSB00642,B00642,SV01,S01,60
B001,BSB00643,B00643,SV01,S01,60
B001,BSB00644,B00644,SV01,S01,60
B001,BSB00645,B00645,SV01,S01,60
B001,BSB00646,B00646,SV01,S01,60
B001,BSB00647,B00647,SV01,S01,60
B001,BSB00648,B00648,SV01,S01,60
B001,BSB00649,B00649,SV01,S01,60
B001,BSB00650,B00650,SV01,S01,60
B001,BSB00651,B00651,SV01,S01,60
B001,BSB00652,B00652,SV01,S01,60
B001,BSB00653,B00653,SV01,S01,60
B001,BSB00654,B00654,SV02,S02,120
B001,BSB00655,B00655,SV02,S02,120
B001,BSB00656,B00656,SV02,S02,120
B001,BSB00657,B00657,SV02,S02,120
B001,BSB00658,B00658,SV02,S02,120
B001,BSB00659,B00659,SV02,S02,120
B001,BSB00660,B00660,SV02,S02,120
B001,BSB00661,B00661,SV02,S02,120
B001,BSB00662,B00662,SV02,S02,120
B001,BSB00663,B00663,SV02,S02,120
B001,BSB00664,B00664,SV01,S02,60
B001,BSB00665,B00665,SV01,S02,60
B001,BSB00666,B00666,SV01,S02,60
B001,BSB00667,B00667,SV01,S02,60
B001,BSB00668,B00668,SV01,S02,60
B001,BSB00669,B00669,SV01,S02,60
B001,BSB00670,B00670,SV01,S02,60
B001,BSB00671,B00671,SV01,S02,60
B001,BSB00672,B00672,SV01,S02,60
B001,BSB00673,B00673,SV01,S02,60
B001,BSB00674,B00674,SV02,S03,120
B001,BSB00675,B00675,SV02,S03,120
B001,BSB00676,B00676,SV02,S03,120
B001,BSB00677,B00677,SV02,S03,120
B001,BSB00678,B00678,SV02,S03,120
B001,BSB00679,B00679,SV02,S03,120
B001,BSB00680,B00680,SV02,S03,120
B001,BSB00681,B00681,SV02,S03,120
B001,BSB00682,B00682,SV02,S03,120
B001,BSB00683,B00683,SV02,S03,120
B001,BSB00684,B00684,SV02,S03,120
B001,BSB00685,B00685,SV02,S03,120
B001,BSB00686,B00686,SV01,S03,60
B001,BSB00687,B00687,SV01,S03,60
B001,BSB00688,B00688,SV01,S03,60
B001,BSB00689,B00689,SV01,S03,60
B001,BSB00690,B00690,SV01,S03,60
B001,BSB00691,B00691,SV01,S03,60
B001,BSB00692,B00692,SV02,S01,120
B001,BSB00693,B00693,SV02,S01,120
B001,BSB00694,B00694,SV02,S01,120
B001,BSB00695,B00695,SV02,S01,120
B001,BSB00696,B00696,SV02,S01,120
B001,BSB00697,B00697,SV02,S01,120
B001,BSB00698,B00698,SV02,S01,120
B001,BSB00699,B00699,SV02,S01,120
B001,BSB00700,B00700,SV02,S01,120
B001,BSB00701,B00701,SV02,S01,120
B001,BSB00702,B00702,SV01,S01,60
B001,BSB00703,B00703,SV01,S01,60
B001,BSB00704,B00704,SV01,S01,60
B001,BSB00705,B00705,SV01,S01,60
B001,BSB00706,B00706,SV01,S01,60
B001,BSB00707,B00707,SV01,S01,60
B001,BSB00708,B00708,SV01,S01,60
B001,BSB00709,B00709,SV01,S01,60
B001,BSB00710,B00710,SV01,S01,60
B001,BSB00711,B00711,SV01,S01,60
B001,BSB00712,B00712,SV02,S02,120
B001,BSB00713,B00713,SV02,S02,120
B001,BSB00714,B00714,SV02,S02,120
B001,BSB00715,B00715,SV02,S02,120
B001,BSB00716,B00716,SV02,S02,120
B001,BSB00717,B00717,SV02,S02,120
B001,BSB00718,B00718,SV02,S02,120
B001,BSB00719,B00719,SV02,S02,120
B001,BSB00720,B00720,SV02,S02,120
B001,BSB00721,B00721,SV02,S02,120
B001,BSB00722,B00722,SV01,S02,60
B001,BSB00723,B00723,SV01,S02,60
B001,BSB00724,B00724,SV01,S02,60
B001,BSB00725,B00725,SV01,S02,60
B001,BSB00726,B00726,SV01,S02,60
B001,BSB00727,B00727,SV01,S02,60
B001,BSB00728,B00728,SV01,S02,60
B001,BSB00729,B00729,SV01,S02,60
B001,BSB00730,B00730,SV01,S02,60
B001,BSB00731,B00731,SV01,S02,60
B001,BSB00732,B00732,SV02,S03,120
B001,BSB00733,B00733,SV02,S03,120
B001,BSB00734,B00734,SV02,S03,120
B001,BSB00735,B00735,SV02,S03,120
B001,BSB00736,B00736,SV02,S03,120
B001,BSB00737,B00737,SV02,S03,120
B001,BSB00738,B00738,SV02,S03,120
B001,BSB00739,B00739,SV02,S03,120
B001,BSB00740,B00740,SV02,S03,120
B001,BSB00741,B00741,SV02,S03,120
B001,BSB00742,B00742,SV02,S03,120
B001,BSB00743,B00743,SV02,S03,120
B001,BSB00744,B00744,SV01,S03,60
B001,BSB00745,B00745,SV01,S03,60
B001,BSB00746,B00746,SV01,S03,60
B001,BSB00747,B00747,SV01,S03,60
B001,BSB00748,B00748,SV01,S03,60
B001,BSB00749,B00749,SV01,S03,60
B001,BSB00750,B00750,SV01,S01,60
B001,BSB00751,B00751,SV01,S01,60
B001,BSB00752,B00752,SV01,S01,60
B001,BSB00753,B00753,SV01,S01,60
B001,BSB00754,B00754,SV01,S01,60
B001,BSB00755,B00755,SV01,S01,60
B001,BSB00756,B00756,SV01,S01,60
B001,BSB00757,B00757,SV01,S01,60
B001,BSB00758,B00758,SV01,S01,60
B001,BSB00759,B00759,SV01,S01,60
B001,BSB00760,B00760,SV01,S01,60
B001,BSB00761,B00761,SV01,S01,60
B001,BSB00762,B00762,SV01,S01,60
B001,BSB00763,B00763,SV01,S01,60
B001,BSB00764,B00764,SV01,S02,60
B001,BSB00765,B00765,SV01,S02,60
B001,BSB00766,B00766,SV01,S02,60
B001,BSB00767,B00767,SV01,S02,60
B001,BSB00768,B00768,SV01,S02,60
B001,BSB00769,B00769,SV01,S02,60
B001,BSB00770,B00770,SV01,S02,60
B001,BSB00771,B00771,SV01,S02,60
B001,BSB00772,B00772,SV01,S02,60
B001,BSB00773,B00773,SV01,S02,60
B001,BSB00774,B00774,SV01,S02,60
B001,BSB00775,B00775,SV01,S02,60
B001,BSB00776,B00776,SV01,S02,60
B001,BSB00777,B00777,SV01,S02,60
B001,BSB00778,B00778,SV01,S03,60
B001,BSB00779,B00779,SV01,S03,60
B001,BSB00780,B00780,SV01,S03,60
B001,BSB00781,B00781,SV01,S03,60
B001,BSB00782,B00782,SV01,S03,60
B001,BSB00783,B00783,SV01,S03,60
B001,BSB00784,B00784,SV01,S03,60
B001,BSB00785,B00785,SV01,S03,60
B001,BSB00786,B00786,SV01,S03,60
B001,BSB00787,B00787,SV01,S03,60
B001,BSB00788,B00788,SV01,S03,60
B001,BSB00789,B00789,SV01,S03,60
B001,BSB00790,B00790,SV01,S03,60
B001,BSB00791,B00791,SV01,S03,60
B001,BSB00792,B00792,SV01,S01,60
B001,BSB00793,B00793,SV01,S01,60
B001,BSB00794,B00794,SV01,S01,60
B001,BSB00795,B00795,SV01,S01,60
B001,BSB00796,B00796,SV01,S01,60
B001,BSB00797,B00797,SV01,S01,60
B001,BSB00798,B00798,SV01,S01,60
B001,BSB00799,B00799,SV01,S01,60
B001,BSB00800,B00800,SV01,S01,60
B001,BSB00801,B00801,SV01,S01,60
B001,BSB00802,B00802,SV01,S02,60
B001,BSB00803,B00803,SV01,S02,60
B001,BSB00804,B00804,SV01,S02,60
B001,BSB00805,B00805,SV01,S02,60
B001,BSB00806,B00806,SV01,S02,60
B001,BSB00807,B00807,SV01,S02,60
B001,BSB00808,B00808,SV01,S02,60
B001,BSB00809,B00809,SV01,S02,60
B001,BSB00810,B00810,SV01,S02,60
B001,BSB00811,B00811,SV01,S02,60
B001,BSB00812,B00812,SV01,S03,60
B001,BSB00813,B00813,SV01,S03,60
B001,BSB00814,B00814,SV01,S03,60
B001,BSB00815,B00815,SV01,S03,60
B001,BSB00816,B00816,SV01,S03,60
B001,BSB00817,B00817,SV01,S03,60
B001,BSB00818,B00818,SV01,S03,60
B001,BSB00819,B00819,SV01,S03,60
B001,BSB00820,B00820,SV01,S03,60
B001,BSB00821,B00821,SV01,S03,60
B001,BSB00822,B00822,SV01,S02,60
B001,BSB00823,B00823,SV01,S02,60
B001,BSB00824,B00824,SV01,S02,60
B001,BSB00825,B00825,SV01,S02,60
B001,BSB00826,B00826,SV01,S03,60
B001,BSB00827,B00827,SV02,S02,120
B001,BS_MULTI_EXTRA,B00827,SV01,S02,60
B001,BSB00828,B00828,SV01,S01,60
B001,BSB00829,B00829,SV01,S01,60
B001,BSB00830,B00830,SV01,S01,60
B001,BSB00831,B00831,SV01,S01,60
B001,BSHB00001,HB00001,SV01,S01,60
B001,BSHB00002,HB00002,SV01,S01,60
B001,BSHB00003,HB00003,SV01,S01,60
B001,BSHB00004,HB00004,SV02,S01,120
B001,BSHB00005,HB00005,SV02,S01,120
B001,BSHB00006,HB00006,SV01,S01,60
B001,BSHB00007,HB00007,SV01,S01,60
B001,BSHB00008,HB00008,SV01,S01,60
B001,BSHB00009,HB00009,SV01,S01,60
B001,BSHB00010,HB00010,SV02,S01,120
B001,BSHB00011,HB00011,SV01,S02,60
B001,BSHB00012,HB00012,SV02,S02,120
B001,BSHB00013,HB00013,SV02,S02,120
B001,BSHB00014,HB00014,SV01,S02,60
B001,BSHB00015,HB00015,SV01,S02,60
B001,BSHB00016,HB00016,SV01,S02,60
B001,BSHB00017,HB00017,SV01,S02,60
B001,BSHB00018,HB00018,SV02,S02,120
B001,BSHB00019,HB00019,SV02,S02,120
B001,BSHB00020,HB00020,SV01,S02,60
B001,BSHB00021,HB00021,SV02,S03,120
B001,BSHB00022,HB00022,SV01,S03,60
B001,BSHB00023,HB00023,SV01,S03,60
B001,BSHB00024,HB00024,SV01,S03,60
B001,BSHB00025,HB00025,SV01,S03,60
B001,BSHB00026,HB00026,SV02,S03,120
B001,BSHB00027,HB00027,SV02,S03,120
B001,BSHB00028,HB00028,SV01,S03,60
B001,BSHB00029,HB00029,SV01,S03,60
B001,BSHB00030,HB00030,SV01,S03,60
B001,BSHB00031,HB00031,SV01,S01,60
B001,BSHB00032,HB00032,SV02,S01,120
B001,BSHB00033,HB00033,SV02,S01,120
B001,BSHB00034,HB00034,SV01,S01,60
B001,BSHB00035,HB00035,SV01,S01,60
B001,BSHB00036,HB00036,SV01,S01,60
B001,BSHB00037,HB00037,SV01,S01,60
B001,BSHB00038,HB00038,SV02,S01,120
B001,BSHB00039,HB00039,SV02,S01,120
B001,BSHB00040,HB00040,SV01,S01,60
B001,BSHB00041,HB00041,SV02,S02,120
B001,BSHB00042,HB00042,SV01,S02,60
B001,BSHB00043,HB00043,SV01,S02,60
B001,BSHB00044,HB00044,SV01,S02,60
B001,BSHB00045,HB00045,SV01,S02,60
B001,BSHB00046,HB00046,SV02,S02,120
B001,BSHB00047,HB00047,SV02,S02,120
B001,BSHB00048,HB00048,SV01,S02,60
B001,BSHB00049,HB00049,SV01,S02,60
B001,BSHB00050,HB00050,SV01,S02,60
B001,BSHB00051,HB00051,SV01,S03,60
B001,BSHB00052,HB00052,SV01,S03,60
B001,BSHB00053,HB00053,SV01,S03,60
B001,BSHB00054,HB00054,SV02,S03,120
B001,BSHB00055,HB00055,SV02,S03,120
B001,BSHB00056,HB00056,SV01,S03,60
B001,BSHB00057,HB00057,SV01,S03,60
B001,BSHB00058,HB00058,SV01,S03,60
B001,BSHB00059,HB00059,SV01,S03,60
B001,BSHB00060,HB00060,SV02,S03,120
B001,BSHB00061,HB00061,SV02,S01,120
B001,BSHB00062,HB00062,SV01,S01,60
B001,BSHB00063,HB00063,SV01,S01,60
B001,BSHB00064,HB00064,SV01,S01,60
B001,BSHB00065,HB00065,SV01,S01,60
B001,BSHB00066,HB00066,SV02,S01,120
B001,BSHB00067,HB00067,SV02,S01,120
B001,BSHB00068,HB00068,SV01,S01,60
B001,BSHB00069,HB00069,SV01,S01,60
B001,BSHB00070,HB00070,SV01,S01,60
B001,BSHB00071,HB00071,SV01,S02,60
B001,BSHB00072,HB00072,SV01,S02,60
B001,BSHB00073,HB00073,SV01,S02,60
B001,BSHB00074,HB00074,SV02,S02,120
B001,BSHB00075,HB00075,SV02,S02,120
B001,BSHB00076,HB00076,SV01,S02,60
B001,BSHB00077,HB00077,SV01,S02,60
B001,BSHB00078,HB00078,SV01,S02,60
B001,BSHB00079,HB00079,SV01,S02,60
B001,BSHB00080,HB00080,SV02,S02,120
B001,BSHB00081,HB00081,SV01,S03,60
B001,BSHB00082,HB00082,SV02,S03,120
B001,BSHB00083,HB00083,SV02,S03,120
B001,BSHB00084,HB00084,SV01,S03,60
B001,BSHB00085,HB00085,SV01,S03,60
B001,BSHB00086,HB00086,SV01,S03,60
B001,BSHB00087,HB00087,SV01,S03,60
B001,BSHB00088,HB00088,SV02,S03,120
B001,BSHB00089,HB00089,SV02,S03,120
B001,BSHB00090,HB00090,SV01,S03,60
B001,BSHB00091,HB00091,SV01,S01,60
B001,BSHB00092,HB00092,SV01,S01,60
B001,BSHB00093,HB00093,SV01,S01,60
B001,BSHB00094,HB00094,SV02,S01,120
B001,BSHB00095,HB00095,SV02,S01,120
B001,BSHB00096,HB00096,SV01,S01,60
B001,BSHB00097,HB00097,SV01,S01,60
B001,BSHB00098,HB00098,SV01,S01,60
B001,BSHB00099,HB00099,SV01,S01,60
B001,BSHB00100,HB00100,SV02,S01,120
B001,BSHB00101,HB00101,SV01,S02,60
B001,BSHB00102,HB00102,SV02,S02,120
B001,BSHB00103,HB00103,SV02,S02,120
B001,BSHB00104,HB00104,SV01,S02,60
B001,BSHB00105,HB00105,SV01,S02,60
B001,BSHB00106,HB00106,SV01,S02,60
B001,BSHB00107,HB00107,SV01,S02,60
B001,BSHB00108,HB00108,SV02,S02,120
B001,BSHB00109,HB00109,SV02,S02,120
B001,BSHB00110,HB00110,SV01,S02,60
B001,BSHB00111,HB00111,SV02,S03,120
B001,BSHB00112,HB00112,SV01,S03,60
B001,BSHB00113,HB00113,SV01,S03,60
B001,BSHB00114,HB00114,SV01,S03,60
B001,BSHB00115,HB00115,SV01,S03,60
B001,BSHB00116,HB00116,SV02,S03,120
B001,BSHB00117,HB00117,SV02,S03,120
B001,BSHB00118,HB00118,SV01,S03,60
B001,BSHB00119,HB00119,SV01,S03,60
B001,BSHB00120,HB00120,SV01,S03,60
B001,BSHB00121,HB00121,SV01,S01,60
B001,BSHB00122,HB00122,SV02,S01,120
B001,BSHB00123,HB00123,SV02,S01,120
B001,BSHB00124,HB00124,SV01,S01,60
B001,BSHB00125,HB00125,SV01,S01,60
B001,BSHB00126,HB00126,SV01,S01,60
B001,BSHB00127,HB00127,SV01,S01,60
B001,BSHB00128,HB00128,SV02,S01,120
B001,BSHB00129,HB00129,SV02,S01,120
B001,BSHB00130,HB00130,SV01,S01,60
B001,BSHB00131,HB00131,SV02,S02,120
B001,BSHB00132,HB00132,SV01,S02,60
B001,BSHB00133,HB00133,SV01,S02,60
B001,BSHB00134,HB00134,SV01,S02,60
B001,BSHB00135,HB00135,SV01,S02,60
B001,BSHB00136,HB00136,SV02,S02,120
B001,BSHB00137,HB00137,SV02,S02,120
B001,BSHB00138,HB00138,SV01,S02,60
B001,BSHB00139,HB00139,SV01,S02,60
B001,BSHB00140,HB00140,SV01,S02,60
B001,BSHB00141,HB00141,SV01,S03,60
B001,BSHB00142,HB00142,SV01,S03,60
B001,BSHB00143,HB00143,SV01,S03,60
B001,BSHB00144,HB00144,SV02,S03,120
B001,BSHB00145,HB00145,SV02,S03,120
B001,BSHB00146,HB00146,SV01,S03,60
B001,BSHB00147,HB00147,SV01,S03,60
B001,BSHB00148,HB00148,SV01,S03,60
B001,BSHB00149,HB00149,SV01,S03,60
B001,BSHB00150,HB00150,SV02,S03,120
B001,BSHB00151,HB00151,SV02,S01,120
B001,BSHB00152,HB00152,SV01,S01,60
B001,BSHB00153,HB00153,SV01,S01,60
B001,BSHB00154,HB00154,SV01,S01,60
B001,BSHB00155,HB00155,SV01,S01,60
B001,BSHB00156,HB00156,SV02,S01,120
B001,BSHB00157,HB00157,SV02,S01,120
B001,BSHB00158,HB00158,SV01,S01,60
B001,BSHB00159,HB00159,SV01,S01,60
B001,BSHB00160,HB00160,SV01,S01,60
B001,BSHB00161,HB00161,SV01,S02,60
B001,BSHB00162,HB00162,SV01,S02,60
B001,BSHB00163,HB00163,SV01,S02,60
B001,BSHB00164,HB00164,SV02,S02,120
B001,BSHB00165,HB00165,SV02,S02,120
B001,BSHB00166,HB00166,SV01,S02,60
B001,BSHB00167,HB00167,SV01,S02,60
B001,BSHB00168,HB00168,SV01,S02,60
B001,BSHB00169,HB00169,SV01,S02,60
B001,BSHB00170,HB00170,SV02,S02,120
B001,BSHB00171,HB00171,SV01,S03,60
B001,BSHB00172,HB00172,SV02,S03,120
B001,BSHB00173,HB00173,SV02,S03,120
B001,BSHB00174,HB00174,SV01,S03,60
B001,BSHB00175,HB00175,SV01,S03,60
B001,BSHB00176,HB00176,SV01,S03,60
B001,BSHB00177,HB00177,SV01,S03,60
B001,BSHB00178,HB00178,SV02,S03,120
B001,BSHB00179,HB00179,SV02,S03,120
B001,BSHB00180,HB00180,SV01,S03,60
B001,BSHB00181,HB00181,SV01,S01,60
B001,BSHB00182,HB00182,SV01,S01,60
B001,BSHB00183,HB00183,SV01,S01,60
B001,BSHB00184,HB00184,SV02,S01,120
B001,BSHB00185,HB00185,SV02,S01,120
B001,BSHB00186,HB00186,SV01,S01,60
B001,BSHB00187,HB00187,SV01,S01,60
B001,BSHB00188,HB00188,SV01,S01,60
B001,BSHB00189,HB00189,SV01,S01,60
B001,BSHB00190,HB00190,SV02,S01,120
B001,BSHB00191,HB00191,SV01,S02,60
B001,BSHB00192,HB00192,SV02,S02,120
B001,BSHB00193,HB00193,SV02,S02,120
B001,BSHB00194,HB00194,SV01,S02,60
B001,BSHB00195,HB00195,SV01,S02,60
B001,BSHB00196,HB00196,SV01,S02,60
B001,BSHB00197,HB00197,SV01,S02,60
B001,BSHB00198,HB00198,SV02,S02,120
B001,BSHB00199,HB00199,SV02,S02,120
B001,BSHB00200,HB00200,SV01,S02,60
B001,BSHB00201,HB00201,SV02,S03,120
B001,BSHB00202,HB00202,SV01,S03,60
B001,BSHB00203,HB00203,SV01,S03,60
B001,BSHB00204,HB00204,SV01,S03,60
B001,BSHB00205,HB00205,SV01,S03,60
B001,BSHB00206,HB00206,SV02,S03,120
B001,BSHB00207,HB00207,SV02,S03,120
B001,BSHB00208,HB00208,SV01,S03,60
B001,BSHB00209,HB00209,SV01,S03,60
B001,BSHB00210,HB00210,SV01,S03,60
B001,BSHB00211,HB00211,SV01,S01,60
B001,BSHB00212,HB00212,SV02,S01,120
B001,BSHB00213,HB00213,SV02,S01,120
B001,BSHB00214,HB00214,SV01,S01,60
B001,BSHB00215,HB00215,SV01,S01,60
B001,BSHB00216,HB00216,SV01,S01,60
B001,BSHB00217,HB00217,SV01,S01,60
B001,BSHB00218,HB00218,SV02,S01,120
B001,BSHB00219,HB00219,SV02,S01,120
B001,BSHB00220,HB00220,SV01,S01,60
B001,BSHB00221,HB00221,SV02,S02,120
B001,BSHB00222,HB00222,SV01,S02,60
B001,BSHB00223,HB00223,SV01,S02,60
B001,BSHB00224,HB00224,SV01,S02,60
B001,BSHB00225,HB00225,SV01,S02,60
B001,BSHB00226,HB00226,SV02,S02,120
B001,BSHB00227,HB00227,SV02,S02,120
B001,BSHB00228,HB00228,SV01,S02,60
B001,BSHB00229,HB00229,SV01,S02,60
B001,BSHB00230,HB00230,SV01,S02,60
B001,BSHB00231,HB00231,SV01,S03,60
B001,BSHB00232,HB00232,SV01,S03,60
B001,BSHB00233,HB00233,SV01,S03,60
B001,BSHB00234,HB00234,SV02,S03,120
B001,BSHB00235,HB00235,SV02,S03,120
B001,BSHB00236,HB00236,SV01,S03,60
B001,BSHB00237,HB00237,SV01,S03,60
B001,BSHB00238,HB00238,SV01,S03,60
B001,BSHB00239,HB00239,SV01,S03,60
B001,BSHB00240,HB00240,SV02,S03,120
B001,BSHB00241,HB00241,SV02,S01,120
B001,BSHB00242,HB00242,SV01,S01,60
B001,BSHB00243,HB00243,SV01,S01,60
B001,BSHB00244,HB00244,SV01,S01,60
B001,BSHB00245,HB00245,SV01,S01,60
B001,BSHB00246,HB00246,SV02,S01,120
B001,BSHB00247,HB00247,SV02,S01,120
B001,BSHB00248,HB00248,SV01,S01,60
B001,BSHB00249,HB00249,SV01,S01,60
B001,BSHB00250,HB00250,SV01,S01,60
B001,BSHB00251,HB00251,SV01,S02,60
B001,BSHB00252,HB00252,SV01,S02,60
B001,BSHB00253,HB00253,SV01,S02,60
B001,BSHB00254,HB00254,SV02,S02,120
B001,BSHB00255,HB00255,SV02,S02,120
B001,BSHB00256,HB00256,SV01,S02,60
B001,BSHB00257,HB00257,SV01,S02,60
B001,BSHB00258,HB00258,SV01,S02,60
B001,BSHB00259,HB00259,SV01,S02,60
B001,BSHB00260,HB00260,SV02,S02,120
B001,BSHB00261,HB00261,SV01,S03,60
B001,BSHB00262,HB00262,SV02,S03,120
B001,BSHB00263,HB00263,SV02,S03,120
B001,BSHB00264,HB00264,SV01,S03,60
B001,BSHB00265,HB00265,SV01,S03,60
B001,BSHB00266,HB00266,SV01,S03,60
B001,BSHB00267,HB00267,SV01,S03,60
B001,BSHB00268,HB00268,SV02,S03,120
B001,BSHB00269,HB00269,SV02,S03,120
B001,BSHB00270,HB00270,SV01,S03,60
B001,BSHB00271,HB00271,SV01,S01,60
B001,BSHB00272,HB00272,SV01,S01,60
B001,BSHB00273,HB00273,SV01,S01,60
B001,BSHB00274,HB00274,SV02,S01,120
B001,BSHB00275,HB00275,SV02,S01,120
B001,BSHB00276,HB00276,SV01,S01,60
B001,BSHB00277,HB00277,SV01,S01,60
B001,BSHB00278,HB00278,SV01,S01,60
B001,BSHB00279,HB00279,SV01,S01,60
B001,BSHB00280,HB00280,SV02,S01,120
B001,BSHB00281,HB00281,SV01,S02,60
B001,BSHB00282,HB00282,SV02,S02,120
B001,BSHB00283,HB00283,SV02,S02,120
B001,BSHB00284,HB00284,SV01,S02,60
B001,BSHB00285,HB00285,SV01,S02,60
B001,BSHB00286,HB00286,SV01,S02,60
B001,BSHB00287,HB00287,SV01,S02,60
B001,BSHB00288,HB00288,SV02,S02,120
B001,BSHB00289,HB00289,SV02,S02,120
B001,BSHB00290,HB00290,SV01,S02,60
B001,BSHB00291,HB00291,SV02,S03,120
B001,BSHB00292,HB00292,SV01,S03,60
B001,BSHB00293,HB00293,SV01,S03,60
B001,BSHB00294,HB00294,SV01,S03,60
B001,BSHB00295,HB00295,SV01,S03,60
B001,BSHB00296,HB00296,SV02,S03,120
B001,BSHB00297,HB00297,SV02,S03,120
B001,BSHB00298,HB00298,SV01,S03,60
B001,BSHB00299,HB00299,SV01,S03,60
B001,BSHB00300,HB00300,SV01,S03,60
B001,BSHB00301,HB00301,SV01,S01,60
B001,BSHB00302,HB00302,SV02,S01,120
B001,BSHB00303,HB00303,SV02,S01,120
B001,BSHB00304,HB00304,SV01,S01,60
B001,BSHB00305,HB00305,SV01,S01,60
B001,BSHB00306,HB00306,SV01,S01,60
B001,BSHB00307,HB00307,SV01,S01,60
B001,BSHB00308,HB00308,SV02,S01,120
B001,BSHB00309,HB00309,SV02,S01,120
B001,BSHB00310,HB00310,SV01,S01,60
B001,BSHB00311,HB00311,SV02,S02,120
B001,BSHB00312,HB00312,SV01,S02,60
B001,BSHB00313,HB00313,SV01,S02,60
B001,BSHB00314,HB00314,SV01,S02,60
B001,BSHB00315,HB00315,SV01,S02,60
B001,BSHB00316,HB00316,SV02,S02,120
B001,BSHB00317,HB00317,SV02,S02,120
B001,BSHB00318,HB00318,SV01,S02,60
B001,BSHB00319,HB00319,SV01,S02,60
B001,BSHB00320,HB00320,SV01,S02,60
B001,BSHB00321,HB00321,SV01,S03,60
B001,BSHB00322,HB00322,SV01,S03,60
B001,BSHB00323,HB00323,SV01,S03,60
B001,BSHB00324,HB00324,SV02,S03,120
B001,BSHB00325,HB00325,SV02,S03,120
B001,BSHB00326,HB00326,SV01,S03,60
B001,BSHB00327,HB00327,SV01,S03,60
B001,BSHB00328,HB00328,SV01,S03,60
B001,BSHB00329,HB00329,SV01,S03,60
B001,BSHB00330,HB00330,SV02,S03,120
B001,BSHB00331,HB00331,SV02,S01,120
B001,BSHB00332,HB00332,SV01,S01,60
B001,BSHB00333,HB00333,SV01,S01,60
B001,BSHB00334,HB00334,SV01,S01,60
B001,BSHB00335,HB00335,SV01,S01,60
B001,BSHB00336,HB00336,SV02,S01,120
B001,BSHB00337,HB00337,SV02,S01,120
B001,BSHB00338,HB00338,SV01,S01,60
B001,BSHB00339,HB00339,SV01,S01,60
B001,BSHB00340,HB00340,SV01,S01,60
B001,BSHB00341,HB00341,SV01,S02,60
B001,BSHB00342,HB00342,SV01,S02,60
B001,BSHB00343,HB00343,SV01,S02,60
B001,BSHB00344,HB00344,SV02,S02,120
B001,BSHB00345,HB00345,SV02,S02,120
B001,BSHB00346,HB00346,SV01,S02,60
B001,BSHB00347,HB00347,SV01,S02,60
B001,BSHB00348,HB00348,SV01,S02,60
B001,BSHB00349,HB00349,SV01,S02,60
B001,BSHB00350,HB00350,SV02,S02,120
B001,BSHB00351,HB00351,SV01,S03,60
B001,BSHB00352,HB00352,SV02,S03,120
B001,BSHB00353,HB00353,SV02,S03,120
B001,BSHB00354,HB00354,SV01,S03,60
B001,BSHB00355,HB00355,SV01,S03,60
B001,BSHB00356,HB00356,SV01,S03,60
B001,BSHB00357,HB00357,SV01,S03,60
B001,BSHB00358,HB00358,SV02,S03,120
B001,BSHB00359,HB00359,SV02,S03,120
B001,BSHB00360,HB00360,SV01,S03,60
B001,BSHB00361,HB00361,SV01,S01,60
B001,BSHB00362,HB00362,SV01,S01,60
B001,BSHB00363,HB00363,SV01,S01,60
B001,BSHB00364,HB00364,SV02,S01,120
B001,BSHB00365,HB00365,SV02,S01,120
B001,BSHB00366,HB00366,SV01,S01,60
B001,BSHB00367,HB00367,SV01,S01,60
B001,BSHB00368,HB00368,SV01,S01,60
B001,BSHB00369,HB00369,SV01,S01,60
B001,BSHB00370,HB00370,SV02,S01,120
B001,BSHB00371,HB00371,SV01,S02,60
B001,BSHB00372,HB00372,SV02,S02,120
B001,BSHB00373,HB00373,SV02,S02,120
B001,BSHB00374,HB00374,SV01,S02,60
B001,BSHB00375,HB00375,SV01,S02,60
B001,BSHB00376,HB00376,SV01,S02,60
B001,BSHB00377,HB00377,SV01,S02,60
B001,BSHB00378,HB00378,SV02,S02,120
B001,BSHB00379,HB00379,SV02,S02,120
B001,BSHB00380,HB00380,SV01,S02,60
B001,BSHB00381,HB00381,SV02,S03,120
B001,BSHB00382,HB00382,SV01,S03,60
B001,BSHB00383,HB00383,SV01,S03,60
B001,BSHB00384,HB00384,SV01,S03,60
B001,BSHB00385,HB00385,SV01,S03,60
B001,BSHB00386,HB00386,SV02,S03,120
B001,BSHB00387,HB00387,SV02,S03,120
B001,BSHB00388,HB00388,SV01,S03,60
B001,BSHB00389,HB00389,SV01,S03,60
B001,BSHB00390,HB00390,SV01,S03,60
B001,BSHB00391,HB00391,SV01,S01,60
B001,BSHB00392,HB00392,SV02,S01,120
B001,BSHB00393,HB00393,SV02,S01,120
B001,BSHB00394,HB00394,SV01,S01,60
B001,BSHB00395,HB00395,SV01,S01,60
B001,BSHB00396,HB00396,SV01,S01,60
B001,BSHB00397,HB00397,SV01,S01,60
B001,BSHB00398,HB00398,SV02,S01,120
B001,BSHB00399,HB00399,SV02,S01,120
B001,BSHB00400,HB00400,SV01,S01,60
B001,BSHB00401,HB00401,SV02,S02,120
B001,BSHB00402,HB00402,SV01,S02,60
B001,BSHB00403,HB00403,SV01,S02,60
B001,BSHB00404,HB00404,SV01,S02,60
B001,BSHB00405,HB00405,SV01,S02,60
B001,BSHB00406,HB00406,SV02,S02,120
B001,BSHB00407,HB00407,SV02,S02,120
B001,BSHB00408,HB00408,SV01,S02,60
B001,BSHB00409,HB00409,SV01,S02,60
B001,BSHB00410,HB00410,SV01,S02,60
B001,BSHB00411,HB00411,SV01,S03,60
B001,BSHB00412,HB00412,SV01,S03,60
B001,BSHB00413,HB00413,SV01,S03,60
B001,BSHB00414,HB00414,SV02,S03,120
B001,BSHB00415,HB00415,SV02,S03,120
B001,BSHB00416,HB00416,SV01,S03,60
B001,BSHB00417,HB00417,SV01,S03,60
B001,BSHB00418,HB00418,SV01,S03,60
B001,BSHB00419,HB00419,SV01,S03,60
B001,BSHB00420,HB00420,SV02,S03,120
B001,BSHB00421,HB00421,SV02,S01,120
B001,BSHB00422,HB00422,SV01,S01,60
B001,BSHB00423,HB00423,SV01,S01,60
B001,BSHB00424,HB00424,SV01,S01,60
B001,BSHB00425,HB00425,SV01,S01,60
B001,BSHB00426,HB00426,SV02,S01,120
B001,BSHB00427,HB00427,SV02,S01,120
B001,BSHB00428,HB00428,SV01,S01,60
B001,BSHB00429,HB00429,SV01,S01,60
B001,BSHB00430,HB00430,SV01,S01,60
B001,BSHB00431,HB00431,SV01,S02,60
B001,BSHB00432,HB00432,SV01,S02,60
B001,BSHB00433,HB00433,SV01,S02,60
B001,BSHB00434,HB00434,SV02,S02,120
B001,BSHB00435,HB00435,SV02,S02,120
B001,BSHB00436,HB00436,SV01,S02,60
B001,BSHB00437,HB00437,SV01,S02,60
B001,BSHB00438,HB00438,SV01,S02,60
B001,BSHB00439,HB00439,SV01,S02,60
B001,BSHB00440,HB00440,SV02,S02,120
B001,BSHB00441,HB00441,SV01,S03,60
B001,BSHB00442,HB00442,SV02,S03,120
B001,BSHB00443,HB00443,SV02,S03,120
B001,BSHB00444,HB00444,SV01,S03,60
B001,BSHB00445,HB00445,SV01,S03,60
B001,BSHB00446,HB00446,SV01,S03,60
B001,BSHB00447,HB00447,SV01,S03,60
B001,BSHB00448,HB00448,SV02,S03,120
B001,BSHB00449,HB00449,SV02,S03,120
B001,BSHB00450,HB00450,SV01,S03,60
B001,BSHB00451,HB00451,SV01,S01,60
B001,BSHB00452,HB00452,SV01,S01,60
B001,BSHB00453,HB00453,SV01,S01,60
B001,BSHB00454,HB00454,SV02,S01,120
B001,BSHB00455,HB00455,SV02,S01,120
B001,BSHB00456,HB00456,SV01,S01,60
B001,BSHB00457,HB00457,SV01,S01,60
B001,BSHB00458,HB00458,SV01,S01,60
B001,BSHB00459,HB00459,SV01,S01,60
B001,BSHB00460,HB00460,SV02,S01,120
B001,BSHB00461,HB00461,SV01,S02,60
B001,BSHB00462,HB00462,SV02,S02,120
B001,BSHB00463,HB00463,SV02,S02,120
B001,BSHB00464,HB00464,SV01,S02,60
B001,BSHB00465,HB00465,SV01,S02,60
B001,BSHB00466,HB00466,SV01,S02,60
B001,BSHB00467,HB00467,SV01,S02,60
B001,BSHB00468,HB00468,SV02,S02,120
B001,BSHB00469,HB00469,SV02,S02,120
B001,BSHB00470,HB00470,SV01,S02,60
B001,BSHB00471,HB00471,SV02,S03,120
B001,BSHB00472,HB00472,SV01,S03,60
B001,BSHB00473,HB00473,SV01,S03,60
B001,BSHB00474,HB00474,SV01,S03,60
B001,BSHB00475,HB00475,SV01,S03,60
B001,BSHB00476,HB00476,SV02,S03,120
B001,BSHB00477,HB00477,SV02,S03,120
B001,BSHB00478,HB00478,SV01,S03,60
B001,BSHB00479,HB00479,SV01,S03,60
B001,BSHB00480,HB00480,SV01,S03,60
B001,BSHB00481,HB00481,SV01,S01,60
B001,BSHB00482,HB00482,SV02,S01,120
B001,BSHB00483,HB00483,SV02,S01,120
B001,BSHB00484,HB00484,SV01,S01,60
B001,BSHB00485,HB00485,SV01,S01,60
B001,BSHB00486,HB00486,SV01,S01,60
B001,BSHB00487,HB00487,SV01,S01,60
B001,BSHB00488,HB00488,SV02,S01,120
B001,BSHB00489,HB00489,SV02,S01,120
B001,BSHB00490,HB00490,SV01,S01,60
B001,BSHB00491,HB00491,SV02,S02,120
B001,BSHB00492,HB00492,SV01,S02,60
B001,BSHB00493,HB00493,SV01,S02,60
B001,BSHB00494,HB00494,SV01,S02,60
B001,BSHB00495,HB00495,SV01,S02,60
B001,BSHB00496,HB00496,SV02,S02,120
B001,BSHB00497,HB00497,SV02,S02,120
B001,BSHB00498,HB00498,SV01,S02,60
B001,BSHB00499,HB00499,SV01,S02,60
B001,BSHB00500,HB00500,SV01,S02,60
B001,BSHB00501,HB00501,SV01,S03,60
B001,BSHB00502,HB00502,SV01,S03,60
B001,BSHB00503,HB00503,SV01,S03,60
B001,BSHB00504,HB00504,SV02,S03,120
B001,BSHB00505,HB00505,SV02,S03,120
B001,BSHB00506,HB00506,SV01,S03,60
B001,BSHB00507,HB00507,SV01,S03,60
B001,BSHB00508,HB00508,SV01,S03,60
B001,BSHB00509,HB00509,SV01,S03,60
B001,BSHB00510,HB00510,SV02,S03,120
B001,BSHB00511,HB00511,SV02,S01,120
B001,BSHB00512,HB00512,SV01,S01,60
B001,BSHB00513,HB00513,SV01,S01,60
B001,BSHB00514,HB00514,SV01,S01,60
B001,BSHB00515,HB00515,SV01,S01,60
B001,BSHB00516,HB00516,SV02,S01,120
B001,BSHB00517,HB00517,SV02,S01,120
B001,BSHB00518,HB00518,SV01,S01,60
B001,BSHB00519,HB00519,SV01,S01,60
B001,BSHB00520,HB00520,SV01,S01,60
B001,BSHB00521,HB00521,SV01,S02,60
B001,BSHB00522,HB00522,SV01,S02,60
B001,BSHB00523,HB00523,SV01,S02,60
B001,BSHB00524,HB00524,SV02,S02,120
B001,BSHB00525,HB00525,SV02,S02,120
B001,BSHB00526,HB00526,SV01,S02,60
B001,BSHB00527,HB00527,SV01,S02,60
B001,BSHB00528,HB00528,SV01,S02,60
B001,BSHB00529,HB00529,SV01,S02,60
B001,BSHB00530,HB00530,SV02,S02,120
B001,BSHB00531,HB00531,SV01,S03,60
B001,BSHB00532,HB00532,SV02,S03,120
B001,BSHB00533,HB00533,SV02,S03,120
B001,BSHB00534,HB00534,SV01,S03,60
B001,BSHB00535,HB00535,SV01,S03,60
B001,BSHB00536,HB00536,SV01,S03,60
B001,BSHB00537,HB00537,SV01,S03,60
B001,BSHB00538,HB00538,SV02,S03,120
B001,BSHB00539,HB00539,SV02,S03,120
B001,BSHB00540,HB00540,SV01,S03,60
B001,BSHB00541,HB00541,SV01,S01,60
B001,BSHB00542,HB00542,SV01,S01,60
B001,BSHB00543,HB00543,SV01,S01,60
B001,BSHB00544,HB00544,SV02,S01,120
B001,BSHB00545,HB00545,SV02,S01,120
B001,BSHB00546,HB00546,SV01,S01,60
B001,BSHB00547,HB00547,SV01,S01,60
B001,BSHB00548,HB00548,SV01,S01,60
B001,BSHB00549,HB00549,SV01,S01,60
B001,BSHB00550,HB00550,SV02,S01,120
B001,BSHB00551,HB00551,SV01,S02,60
B001,BSHB00552,HB00552,SV02,S02,120
B001,BSHB00553,HB00553,SV02,S02,120
B001,BSHB00554,HB00554,SV01,S02,60
B001,BSHB00555,HB00555,SV01,S02,60
B001,BSHB00556,HB00556,SV01,S02,60
B001,BSHB00557,HB00557,SV01,S02,60
B001,BSHB00558,HB00558,SV02,S02,120
B001,BSHB00559,HB00559,SV02,S02,120
B001,BSHB00560,HB00560,SV01,S02,60
B001,BSHB00561,HB00561,SV02,S03,120
B001,BSHB00562,HB00562,SV01,S03,60
B001,BSHB00563,HB00563,SV01,S03,60
B001,BSHB00564,HB00564,SV01,S03,60
B001,BSHB00565,HB00565,SV01,S03,60
B001,BSHB00566,HB00566,SV02,S03,120
B001,BSHB00567,HB00567,SV02,S03,120
B001,BSHB00568,HB00568,SV01,S03,60
B001,BSHB00569,HB00569,SV01,S03,60
B001,BSHB00570,HB00570,SV01,S03,60
B001,BSHB00571,HB00571,SV01,S01,60
B001,BSHB00572,HB00572,SV02,S01,120
B001,BSHB00573,HB00573,SV02,S01,120
B001,BSHB00574,HB00574,SV01,S01,60
B001,BSHB00575,HB00575,SV01,S01,60
B001,BSHB00576,HB00576,SV01,S01,60
B001,BSHB00577,HB00577,SV01,S01,60
B001,BSHB00578,HB00578,SV02,S01,120
B001,BSHB00579,HB00579,SV02,S01,120
B001,BSHB00580,HB00580,SV01,S01,60
B001,BSHB00581,HB00581,SV02,S02,120
B001,BSHB00582,HB00582,SV01,S02,60
B001,BSHB00583,HB00583,SV01,S02,60
B001,BSHB00584,HB00584,SV01,S02,60
B001,BSHB00585,HB00585,SV01,S02,60
B001,BSHB00586,HB00586,SV02,S02,120
B001,BSHB00587,HB00587,SV02,S02,120
B001,BSHB00588,HB00588,SV01,S02,60
B001,BSHB00589,HB00589,SV01,S02,60
B001,BSHB00590,HB00590,SV01,S02,60
B001,BSHB00591,HB00591,SV01,S03,60
B001,BSHB00592,HB00592,SV01,S03,60
B001,BSHB00593,HB00593,SV01,S03,60
B001,BSHB00594,HB00594,SV02,S03,120
B001,BSHB00595,HB00595,SV02,S03,120
B001,BSHB00596,HB00596,SV01,S03,60
B001,BSHB00597,HB00597,SV01,S03,60
B001,BSHB00598,HB00598,SV01,S03,60
B001,BSHB00599,HB00599,SV01,S03,60
B001,BSHB00600,HB00600,SV02,S03,120
B001,BSHB00601,HB00601,SV02,S01,120
B001,BSHB00602,HB00602,SV01,S01,60
B001,BSHB00603,HB00603,SV01,S01,60
B001,BSHB00604,HB00604,SV01,S01,60
B001,BSHB00605,HB00605,SV01,S01,60
B001,BSHB00606,HB00606,SV02,S01,120
B001,BSHB00607,HB00607,SV02,S01,120
B001,BSHB00608,HB00608,SV01,S01,60
B001,BSHB00609,HB00609,SV01,S01,60
B001,BSHB00610,HB00610,SV01,S01,60
B001,BSHB00611,HB00611,SV01,S02,60
B001,BSHB00612,HB00612,SV01,S02,60
B001,BSHB00613,HB00613,SV01,S02,60
B001,BSHB00614,HB00614,SV02,S02,120
B001,BSHB00615,HB00615,SV02,S02,120
B001,BSHB00616,HB00616,SV01,S02,60
B001,BSHB00617,HB00617,SV01,S02,60
B001,BSHB00618,HB00618,SV01,S02,60
B001,BSHB00619,HB00619,SV01,S02,60
B001,BSHB00620,HB00620,SV02,S02,120
B001,BSHB00621,HB00621,SV01,S03,60
B001,BSHB00622,HB00622,SV02,S03,120
B001,BSHB00623,HB00623,SV02,S03,120
B001,BSHB00624,HB00624,SV01,S03,60
B001,BSHB00625,HB00625,SV01,S03,60
B001,BSHB00626,HB00626,SV01,S03,60
B001,BSHB00627,HB00627,SV01,S03,60
B001,BSHB00628,HB00628,SV02,S03,120
B001,BSHB00629,HB00629,SV02,S03,120
B001,BSHB00630,HB00630,SV01,S03,60
B001,BSHB00631,HB00631,SV01,S01,60
B001,BSHB00632,HB00632,SV01,S01,60
B001,BSHB00633,HB00633,SV01,S01,60
B001,BSHB00634,HB00634,SV02,S01,120
B001,BSHB00635,HB00635,SV02,S01,120
B001,BSHB00636,HB00636,SV01,S01,60
B001,BSHB00637,HB00637,SV01,S01,60
B001,BSHB00638,HB00638,SV01,S01,60
B001,BSHB00639,HB00639,SV01,S01,60
B001,BSHB00640,HB00640,SV02,S01,120
B001,BSHB00641,HB00641,SV01,S02,60
B001,BSHB00642,HB00642,SV02,S02,120
B001,BSHB00643,HB00643,SV02,S02,120
B001,BSHB00644,HB00644,SV01,S02,60
B001,BSHB00645,HB00645,SV01,S02,60
B001,BSHB00646,HB00646,SV01,S02,60
B001,BSHB00647,HB00647,SV01,S02,60
B001,BSHB00648,HB00648,SV02,S02,120
B001,BSHB00649,HB00649,SV02,S02,120
B001,BSHB00650,HB00650,SV01,S02,60
B001,BSHB00651,HB00651,SV02,S03,120
B001,BSHB00652,HB00652,SV01,S03,60
B001,BSHB00653,HB00653,SV01,S03,60
B001,BSHB00654,HB00654,SV01,S03,60
B001,BSHB00655,HB00655,SV01,S03,60
B001,BSHB00656,HB00656,SV02,S03,120
B001,BSHB00657,HB00657,SV02,S03,120
B001,BSHB00658,HB00658,SV01,S03,60
B001,BSHB00659,HB00659,SV01,S03,60
B001,BSHB00660,HB00660,SV01,S03,60
B001,BSHB00661,HB00661,SV01,S01,60
B001,BSHB00662,HB00662,SV02,S01,120
B001,BSHB00663,HB00663,SV02,S01,120
B001,BSHB00664,HB00664,SV01,S01,60
B001,BSHB00665,HB00665,SV01,S01,60
B001,BSHB00666,HB00666,SV01,S01,60
B001,BSHB00667,HB00667,SV01,S01,60
B001,BSHB00668,HB00668,SV02,S01,120
B001,BSHB00669,HB00669,SV02,S01,120
B001,BSHB00670,HB00670,SV01,S01,60
B001,BSHB00671,HB00671,SV02,S02,120
B001,BSHB00672,HB00672,SV01,S02,60
B001,BSHB00673,HB00673,SV01,S02,60
B001,BSHB00674,HB00674,SV01,S02,60
B001,BSHB00675,HB00675,SV01,S02,60
B001,BSHB00676,HB00676,SV02,S02,120
B001,BSHB00677,HB00677,SV02,S02,120
B001,BSHB00678,HB00678,SV01,S02,60
B001,BSHB00679,HB00679,SV01,S02,60
B001,BSHB00680,HB00680,SV01,S02,60
B001,BSHB00681,HB00681,SV01,S03,60
B001,BSHB00682,HB00682,SV01,S03,60
B001,BSHB00683,HB00683,SV01,S03,60
B001,BSHB00684,HB00684,SV02,S03,120
B001,BSHB00685,HB00685,SV02,S03,120
B001,BSHB00686,HB00686,SV01,S03,60
B001,BSHB00687,HB00687,SV01,S03,60
B001,BSHB00688,HB00688,SV01,S03,60
B001,BSHB00689,HB00689,SV01,S03,60
B001,BSHB00690,HB00690,SV02,S03,120
B001,BSHB00691,HB00691,SV02,S01,120
B001,BSHB00692,HB00692,SV01,S01,60
B001,BSHB00693,HB00693,SV01,S01,60
B001,BSHB00694,HB00694,SV01,S01,60
B001,BSHB00695,HB00695,SV01,S01,60
B001,BSHB00696,HB00696,SV02,S01,120
B001,BSHB00697,HB00697,SV02,S01,120
B001,BSHB00698,HB00698,SV01,S01,60
B001,BSHB00699,HB00699,SV01,S01,60
B001,BSHB00700,HB00700,SV01,S01,60
B001,BSHB00701,HB00701,SV01,S02,60
B001,BSHB00702,HB00702,SV01,S02,60
B001,BSHB00703,HB00703,SV01,S02,60
B001,BSHB00704,HB00704,SV02,S02,120
B001,BSHB00705,HB00705,SV02,S02,120
B001,BSHB00706,HB00706,SV01,S02,60
B001,BSHB00707,HB00707,SV01,S02,60
B001,BSHB00708,HB00708,SV01,S02,60
B001,BSHB00709,HB00709,SV01,S02,60
B001,BSHB00710,HB00710,SV02,S02,120
B001,BSHB00711,HB00711,SV01,S03,60
B001,BSHB00712,HB00712,SV02,S03,120
B001,BSHB00713,HB00713,SV02,S03,120
B001,BSHB00714,HB00714,SV01,S03,60
B001,BSHB00715,HB00715,SV01,S03,60
B001,BSHB00716,HB00716,SV01,S03,60
B001,BSHB00717,HB00717,SV01,S03,60
B001,BSHB00718,HB00718,SV02,S03,120
B001,BSHB00719,HB00719,SV02,S03,120
B001,BSHB00720,HB00720,SV01,S03,60
B001,BSHB00721,HB00721,SV01,S01,60
B001,BSHB00722,HB00722,SV01,S01,60
B001,BSHB00723,HB00723,SV01,S01,60
B001,BSHB00724,HB00724,SV02,S01,120
B001,BSHB00725,HB00725,SV02,S01,120
B001,BSHB00726,HB00726,SV01,S01,60
B001,BSHB00727,HB00727,SV01,S01,60
B001,BSHB00728,HB00728,SV01,S01,60
B001,BSHB00729,HB00729,SV01,S01,60
B001,BSHB00730,HB00730,SV02,S01,120
B001,BSHB00731,HB00731,SV01,S02,60
B001,BSHB00732,HB00732,SV02,S02,120
B001,BSHB00733,HB00733,SV02,S02,120
B001,BSHB00734,HB00734,SV01,S02,60
B001,BSHB00735,HB00735,SV01,S02,60
B001,BSHB00736,HB00736,SV01,S02,60
B001,BSHB00737,HB00737,SV01,S02,60
B001,BSHB00738,HB00738,SV02,S02,120
B001,BSHB00739,HB00739,SV02,S02,120
B001,BSHB00740,HB00740,SV01,S02,60
B001,BSHB00741,HB00741,SV02,S03,120
B001,BSHB00742,HB00742,SV01,S03,60
B001,BSHB00743,HB00743,SV01,S03,60
B001,BSHB00744,HB00744,SV01,S03,60
B001,BSHB00745,HB00745,SV01,S03,60
B001,BSHB00746,HB00746,SV02,S03,120
B001,BSHB00747,HB00747,SV02,S03,120
B001,BSHB00748,HB00748,SV01,S03,60
B001,BSHB00749,HB00749,SV01,S03,60
B001,BSHB00750,HB00750,SV01,S03,60
B001,BSHB00751,HB00751,SV01,S01,60
B001,BSHB00752,HB00752,SV02,S01,120
B001,BSHB00753,HB00753,SV02,S01,120
B001,BSHB00754,HB00754,SV01,S01,60
B001,BSHB00755,HB00755,SV01,S01,60
B001,BSHB00756,HB00756,SV01,S01,60
B001,BSHB00757,HB00757,SV01,S01,60
B001,BSHB00758,HB00758,SV02,S01,120
B001,BSHB00759,HB00759,SV02,S01,120
B001,BSHB00760,HB00760,SV01,S01,60
B001,BSHB00761,HB00761,SV02,S02,120
B001,BSHB00762,HB00762,SV01,S02,60
B001,BSHB00763,HB00763,SV01,S02,60
B001,BSHB00764,HB00764,SV01,S02,60
B001,BSHB00765,HB00765,SV01,S02,60
B001,BSHB00766,HB00766,SV02,S02,120
B001,BSHB00767,HB00767,SV02,S02,120
B001,BSHB00768,HB00768,SV01,S02,60
B001,BSHB00769,HB00769,SV01,S02,60
B001,BSHB00770,HB00770,SV01,S02,60
B001,BSHB00771,HB00771,SV01,S03,60
B001,BSHB00772,HB00772,SV01,S03,60
B001,BSHB00773,HB00773,SV01,S03,60
B001,BSHB00774,HB00774,SV02,S03,120
B001,BSHB00775,HB00775,SV02,S03,120
B001,BSHB00776,HB00776,SV01,S03,60
B001,BSHB00777,HB00777,SV01,S03,60
B001,BSHB00778,HB00778,SV01,S03,60
B001,BSHB00779,HB00779,SV01,S03,60
B001,BSHB00780,HB00780,SV02,S03,120
B001,BSHB00781,HB00781,SV02,S01,120
B001,BSHB00782,HB00782,SV01,S01,60
B001,BSHB00783,HB00783,SV01,S01,60
B001,BSHB00784,HB00784,SV01,S01,60
B001,BSHB00785,HB00785,SV01,S01,60
B001,BSHB00786,HB00786,SV02,S01,120
B001,BSHB00787,HB00787,SV02,S01,120
B001,BSHB00788,HB00788,SV01,S01,60
B001,BSHB00789,HB00789,SV01,S01,60
B001,BSHB00790,HB00790,SV01,S01,60
B001,BSHB00791,HB00791,SV01,S02,60
B001,BSHB00792,HB00792,SV01,S02,60
B001,BSHB00793,HB00793,SV01,S02,60
B001,BSHB00794,HB00794,SV02,S02,120
B001,BSHB00795,HB00795,SV02,S02,120
B001,BSHB00796,HB00796,SV01,S02,60
B001,BSHB00797,HB00797,SV01,S02,60
B001,BSHB00798,HB00798,SV01,S02,60
B001,BSHB00799,HB00799,SV01,S02,60
B001,BSHB00800,HB00800,SV02,S02,120
B001,BSHB00801,HB00801,SV01,S03,60
B001,BSHB00802,HB00802,SV02,S03,120
B001,BSHB00803,HB00803,SV02,S03,120
B001,BSHB00804,HB00804,SV01,S03,60
B001,BSHB00805,HB00805,SV01,S03,60
B001,BSHB00806,HB00806,SV01,S03,60
B001,BSHB00807,HB00807,SV01,S03,60
B001,BSHB00808,HB00808,SV02,S03,120
B001,BSHB00809,HB00809,SV02,S03,120
B001,BSHB00810,HB00810,SV01,S03,60
B001,BSHB00811,HB00811,SV01,S01,60
B001,BSHB00812,HB00812,SV01,S01,60
B001,BSHB00813,HB00813,SV01,S01,60
B001,BSHB00814,HB00814,SV02,S01,120
B001,BSHB00815,HB00815,SV02,S01,120
B001,BSHB00816,HB00816,SV01,S01,60
B001,BSHB00817,HB00817,SV01,S01,60
B001,BSHB00818,HB00818,SV01,S01,60
B001,BSHB00819,HB00819,SV01,S01,60
B001,BSHB00820,HB00820,SV02,S01,120
B001,BSHB00821,HB00821,SV01,S02,60
B001,BSHB00822,HB00822,SV02,S02,120
B001,BSHB00823,HB00823,SV02,S02,120
B001,BSHB00824,HB00824,SV01,S02,60
B001,BSHB00825,HB00825,SV01,S02,60
B001,BSHB00826,HB00826,SV01,S02,60
B001,BSHB00827,HB00827,SV01,S02,60
B001,BSHB00828,HB00828,SV02,S02,120
B001,BSHB00829,HB00829,SV02,S02,120
B001,BSHB00830,HB00830,SV01,S02,60
B001,BSHB00831,HB00831,SV02,S03,120
B001,BSHB00832,HB00832,SV01,S03,60
B001,BSHB00833,HB00833,SV01,S03,60
B001,BSHB00834,HB00834,SV01,S03,60
B001,BSHB00835,HB00835,SV01,S03,60
B001,BSHB00836,HB00836,SV02,S03,120
B001,BSHB00837,HB00837,SV02,S03,120
B001,BSHB00838,HB00838,SV01,S03,60
B001,BSHB00839,HB00839,SV01,S03,60
B001,BSHB00840,HB00840,SV01,S03,60
B001,BSHB00841,HB00841,SV01,S01,60
B001,BSHB00842,HB00842,SV02,S01,120
B001,BSHB00843,HB00843,SV02,S01,120
B001,BSHB00844,HB00844,SV01,S01,60
B001,BSHB00845,HB00845,SV01,S01,60
B001,BSHB00846,HB00846,SV01,S01,60
B001,BSHB00847,HB00847,SV01,S01,60
B001,BSHB00848,HB00848,SV02,S01,120
B001,BSHB00849,HB00849,SV02,S01,120
B001,BSHB00850,HB00850,SV01,S01,60
B001,BSHB00851,HB00851,SV02,S02,120
B001,BSHB00852,HB00852,SV01,S02,60
B001,BSHB00853,HB00853,SV01,S02,60
B001,BSHB00854,HB00854,SV01,S02,60
B001,BSHB00855,HB00855,SV01,S02,60
B001,BSHB00856,HB00856,SV02,S02,120
B001,BSHB00857,HB00857,SV02,S02,120
B001,BSHB00858,HB00858,SV01,S02,60
B001,BSHB00859,HB00859,SV01,S02,60
B001,BSHB00860,HB00860,SV01,S02,60
B001,BSHB00861,HB00861,SV01,S03,60
B001,BSHB00862,HB00862,SV01,S03,60
B001,BSHB00863,HB00863,SV01,S03,60
B001,BSHB00864,HB00864,SV02,S03,120
B001,BSHB00865,HB00865,SV02,S03,120
B001,BSHB00866,HB00866,SV01,S03,60
B001,BSHB00867,HB00867,SV01,S03,60
B001,BSHB00868,HB00868,SV01,S03,60
B001,BSHB00869,HB00869,SV01,S03,60
B001,BSHB00870,HB00870,SV02,S03,120
B001,BSHB00871,HB00871,SV02,S01,120
B001,BSHB00872,HB00872,SV01,S01,60
B001,BSHB00873,HB00873,SV01,S01,60
B001,BSHB00874,HB00874,SV01,S01,60
B001,BSHB00875,HB00875,SV01,S01,60
B001,BSHB00876,HB00876,SV02,S01,120
B001,BSHB00877,HB00877,SV02,S01,120
B001,BSHB00878,HB00878,SV01,S01,60
B001,BSHB00879,HB00879,SV01,S01,60
B001,BSHB00880,HB00880,SV01,S01,60
B001,BSHB00881,HB00881,SV01,S02,60
B001,BSHB00882,HB00882,SV01,S02,60
B001,BSHB00883,HB00883,SV01,S02,60
B001,BSHB00884,HB00884,SV02,S02,120
B001,BSHB00885,HB00885,SV02,S02,120
B001,BSHB00886,HB00886,SV01,S02,60
B001,BSHB00887,HB00887,SV01,S02,60
B001,BSHB00888,HB00888,SV01,S02,60
B001,BSHB00889,HB00889,SV01,S02,60
B001,BSHB00890,HB00890,SV02,S02,120
B001,BSHB00891,HB00891,SV01,S03,60
B001,BSHB00892,HB00892,SV02,S03,120
B001,BSHB00893,HB00893,SV02,S03,120
B001,BSHB00894,HB00894,SV01,S03,60
B001,BSHB00895,HB00895,SV01,S03,60
B001,BSHB00896,HB00896,SV01,S03,60
B001,BSHB00897,HB00897,SV01,S03,60
B001,BSHB00898,HB00898,SV02,S03,120
B001,BSHB00899,HB00899,SV02,S03,120
B001,BSHB00900,HB00900,SV01,S03,60
B001,BSHB00901,HB00901,SV01,S01,60
B001,BSHB00902,HB00902,SV01,S01,60
B001,BSHB00903,HB00903,SV01,S01,60
B001,BSHB00904,HB00904,SV02,S01,120
B001,BSHB00905,HB00905,SV02,S01,120
B001,BSHB00906,HB00906,SV01,S01,60
B001,BSHB00907,HB00907,SV01,S01,60
B001,BSHB00908,HB00908,SV01,S01,60
B001,BSHB00909,HB00909,SV01,S01,60
B001,BSHB00910,HB00910,SV02,S01,120
B001,BSHB00911,HB00911,SV01,S02,60
B001,BSHB00912,HB00912,SV02,S02,120
B001,BSHB00913,HB00913,SV02,S02,120
B001,BSHB00914,HB00914,SV01,S02,60
B001,BSHB00915,HB00915,SV01,S02,60
B001,BSHB00916,HB00916,SV01,S02,60
B001,BSHB00917,HB00917,SV01,S02,60
B001,BSHB00918,HB00918,SV02,S02,120
B001,BSHB00919,HB00919,SV02,S02,120
B001,BSHB00920,HB00920,SV01,S02,60
B001,BSHB00921,HB00921,SV02,S03,120
B001,BSHB00922,HB00922,SV01,S03,60
B001,BSHB00923,HB00923,SV01,S03,60
B001,BSHB00924,HB00924,SV01,S03,60
B001,BSHB00925,HB00925,SV01,S03,60
B001,BSHB00926,HB00926,SV02,S03,120
B001,BSHB00927,HB00927,SV02,S03,120
B001,BSHB00928,HB00928,SV01,S03,60
B001,BSHB00929,HB00929,SV01,S03,60
B001,BSHB00930,HB00930,SV01,S03,60
B001,BSHB00931,HB00931,SV01,S01,60
B001,BSHB00932,HB00932,SV02,S01,120
B001,BSHB00933,HB00933,SV02,S01,120
B001,BSHB00934,HB00934,SV01,S01,60
B001,BSHB00935,HB00935,SV01,S01,60
B001,BSHB00936,HB00936,SV01,S01,60
B001,BSHB00937,HB00937,SV01,S01,60
B001,BSHB00938,HB00938,SV02,S01,120
B001,BSHB00939,HB00939,SV02,S01,120
B001,BSHB00940,HB00940,SV01,S01,60
B001,BSHB00941,HB00941,SV02,S02,120
B001,BSHB00942,HB00942,SV01,S02,60
B001,BSHB00943,HB00943,SV01,S02,60
B001,BSHB00944,HB00944,SV01,S02,60
B001,BSHB00945,HB00945,SV01,S02,60
B001,BSHB00946,HB00946,SV02,S02,120
B001,BSHB00947,HB00947,SV02,S02,120
B001,BSHB00948,HB00948,SV01,S02,60
B001,BSHB00949,HB00949,SV01,S02,60
B001,BSHB00950,HB00950,SV01,S02,60
B001,BSHB00951,HB00951,SV01,S03,60
B001,BSHB00952,HB00952,SV01,S03,60
B001,BSHB00953,HB00953,SV01,S03,60
B001,BSHB00954,HB00954,SV02,S03,120
B001,BSHB00955,HB00955,SV02,S03,120
B001,BSHB00956,HB00956,SV01,S03,60
B001,BSHB00957,HB00957,SV01,S03,60
B001,BSHB00958,HB00958,SV01,S03,60
B001,BSHB00959,HB00959,SV01,S03,60
B001,BSHB00960,HB00960,SV02,S03,120
B001,BSHB00961,HB00961,SV02,S01,120
B001,BSHB00962,HB00962,SV01,S01,60
B001,BSHB00963,HB00963,SV01,S01,60
B001,BSHB00964,HB00964,SV01,S01,60
B001,BSHB00965,HB00965,SV01,S01,60
B001,BSHB00966,HB00966,SV02,S01,120
B001,BSHB00967,HB00967,SV02,S01,120
B001,BSHB00968,HB00968,SV01,S01,60
B001,BSHB00969,HB00969,SV01,S01,60
B001,BSHB00970,HB00970,SV01,S01,60
B001,BSHB00971,HB00971,SV01,S02,60
B001,BSHB00972,HB00972,SV01,S02,60
B001,BSHB00973,HB00973,SV01,S02,60
B001,BSHB00974,HB00974,SV02,S02,120
B001,BSHB00975,HB00975,SV02,S02,120
B001,BSHB00976,HB00976,SV01,S02,60
B001,BSHB00977,HB00977,SV01,S02,60
B001,BSHB00978,HB00978,SV01,S02,60
B001,BSHB00979,HB00979,SV01,S02,60
B001,BSHB00980,HB00980,SV02,S02,120
B001,BSHB00981,HB00981,SV01,S03,60
B001,BSHB00982,HB00982,SV02,S03,120
B001,BSHB00983,HB00983,SV02,S03,120
B001,BSHB00984,HB00984,SV01,S03,60
B001,BSHB00985,HB00985,SV01,S03,60
B001,BSHB00986,HB00986,SV01,S03,60
B001,BSHB00987,HB00987,SV01,S03,60
B001,BSHB00988,HB00988,SV02,S03,120
B001,BSHB00989,HB00989,SV02,S03,120
B001,BSHB00990,HB00990,SV01,S03,60
B001,BSHB00991,HB00991,SV01,S01,60
B001,BSHB00992,HB00992,SV01,S01,60
B001,BSHB00993,HB00993,SV01,S01,60
B001,BSHB00994,HB00994,SV02,S01,120
B001,BSHB00995,HB00995,SV02,S01,120
B001,BSHB00996,HB00996,SV01,S01,60
B001,BSHB00997,HB00997,SV01,S01,60
B001,BSHB00998,HB00998,SV01,S01,60
B001,BSHB00999,HB00999,SV01,S01,60
B001,BSHB01000,HB01000,SV02,S01,120
B001,BSHB01001,HB01001,SV01,S02,60
B001,BSHB01002,HB01002,SV02,S02,120
B001,BSHB01003,HB01003,SV02,S02,120
B001,BSHB01004,HB01004,SV01,S02,60
B001,BSHB01005,HB01005,SV01,S02,60
B001,BSHB01006,HB01006,SV01,S02,60
B001,BSHB01007,HB01007,SV01,S02,60
B001,BSHB01008,HB01008,SV02,S02,120
B001,BSHB01009,HB01009,SV02,S02,120
B001,BSHB01010,HB01010,SV01,S02,60
B001,BSHB01011,HB01011,SV02,S03,120
B001,BSHB01012,HB01012,SV01,S03,60
B001,BSHB01013,HB01013,SV01,S03,60
B001,BSHB01014,HB01014,SV01,S03,60
B001,BSHB01015,HB01015,SV01,S03,60
B001,BSHB01016,HB01016,SV02,S03,120
B001,BSHB01017,HB01017,SV02,S03,120
B001,BSHB01018,HB01018,SV01,S03,60
B001,BSHB01019,HB01019,SV01,S03,60
B001,BSHB01020,HB01020,SV01,S03,60
B001,BSHB01021,HB01021,SV01,S01,60
B001,BSHB01022,HB01022,SV02,S01,120
B001,BSHB01023,HB01023,SV02,S01,120
B001,BSHB01024,HB01024,SV01,S01,60
B001,BSHB01025,HB01025,SV01,S01,60
B001,BSHB01026,HB01026,SV01,S01,60
B001,BSHB01027,HB01027,SV01,S01,60
B001,BSHB01028,HB01028,SV02,S01,120
B001,BSHB01029,HB01029,SV02,S01,120
B001,BSHB01030,HB01030,SV01,S01,60
B001,BSHB01031,HB01031,SV02,S02,120
B001,BSHB01032,HB01032,SV01,S02,60
B001,BSHB01033,HB01033,SV01,S02,60
B001,BSHB01034,HB01034,SV01,S02,60
B001,BSHB01035,HB01035,SV01,S02,60
B001,BSHB01036,HB01036,SV02,S02,120
B001,BSHB01037,HB01037,SV02,S02,120
B001,BSHB01038,HB01038,SV01,S02,60
B001,BSHB01039,HB01039,SV01,S02,60
B001,BSHB01040,HB01040,SV01,S02,60
B001,BSHB01041,HB01041,SV01,S03,60
B001,BSHB01042,HB01042,SV01,S03,60
B001,BSHB01043,HB01043,SV01,S03,60
B001,BSHB01044,HB01044,SV02,S03,120
B001,BSHB01045,HB01045,SV02,S03,120
B001,BSHB01046,HB01046,SV01,S03,60
B001,BSHB01047,HB01047,SV01,S03,60
B001,BSHB01048,HB01048,SV01,S03,60
B001,BSHB01049,HB01049,SV01,S03,60
B001,BSHB01050,HB01050,SV02,S03,120
B001,BSHB01051,HB01051,SV02,S01,120
B001,BSHB01052,HB01052,SV01,S01,60
B001,BSHB01053,HB01053,SV01,S01,60
B001,BSHB01054,HB01054,SV01,S01,60
B001,BSHB01055,HB01055,SV01,S01,60
B001,BSHB01056,HB01056,SV02,S01,120
B001,BSHB01057,HB01057,SV02,S01,120
B001,BSHB01058,HB01058,SV01,S01,60
B001,BSHB01059,HB01059,SV01,S01,60
B001,BSHB01060,HB01060,SV01,S01,60
B001,BSHB01061,HB01061,SV01,S02,60
B001,BSHB01062,HB01062,SV01,S02,60
B001,BSHB01063,HB01063,SV01,S02,60
B001,BSHB01064,HB01064,SV02,S02,120
B001,BSHB01065,HB01065,SV02,S02,120
B001,BSHB01066,HB01066,SV01,S02,60
B001,BSHB01067,HB01067,SV01,S02,60
B001,BSHB01068,HB01068,SV01,S02,60
B001,BSHB01069,HB01069,SV01,S02,60
B001,BSHB01070,HB01070,SV02,S02,120
B001,BSHB01071,HB01071,SV01,S03,60
B001,BSHB01072,HB01072,SV02,S03,120
B001,BSHB01073,HB01073,SV02,S03,120
B001,BSHB01074,HB01074,SV01,S03,60
B001,BSHB01075,HB01075,SV01,S03,60
B001,BSHB01076,HB01076,SV01,S03,60
B001,BSHB01077,HB01077,SV01,S03,60
B001,BSHB01078,HB01078,SV02,S03,120
B001,BSHB01079,HB01079,SV02,S03,120
B001,BSHB01080,HB01080,SV01,S03,60
B001,BSHB01081,HB01081,SV01,S01,60
B001,BSHB01082,HB01082,SV01,S01,60
B001,BSHB01083,HB01083,SV01,S01,60
B001,BSHB01084,HB01084,SV02,S01,120
B001,BSHB01085,HB01085,SV02,S01,120
B001,BSHB01086,HB01086,SV01,S01,60
B001,BSHB01087,HB01087,SV01,S01,60
B001,BSHB01088,HB01088,SV01,S01,60
B001,BSHB01089,HB01089,SV01,S01,60
B001,BSHB01090,HB01090,SV02,S01,120
B001,BSHB01091,HB01091,SV01,S02,60
B001,BSHB01092,HB01092,SV02,S02,120
B001,BSHB01093,HB01093,SV02,S02,120
B001,BSHB01094,HB01094,SV01,S02,60
B001,BSHB01095,HB01095,SV01,S02,60
B001,BSHB01096,HB01096,SV01,S02,60
B001,BSHB01097,HB01097,SV01,S02,60
B001,BSHB01098,HB01098,SV02,S02,120
B001,BSHB01099,HB01099,SV02,S02,120
B001,BSHB01100,HB01100,SV01,S02,60
B001,BSHB01101,HB01101,SV02,S03,120
B001,BSHB01102,HB01102,SV01,S03,60
B001,BSHB01103,HB01103,SV01,S03,60
B001,BSHB01104,HB01104,SV01,S03,60
B001,BSHB01105,HB01105,SV01,S03,60
B001,BSHB01106,HB01106,SV02,S03,120
B001,BSHB01107,HB01107,SV02,S03,120
B001,BSHB01108,HB01108,SV01,S03,60
B001,BSHB01109,HB01109,SV01,S03,60
B001,BSHB01110,HB01110,SV01,S03,60
B001,BSHB01111,HB01111,SV01,S01,60
B001,BSHB01112,HB01112,SV02,S01,120
B001,BSHB01113,HB01113,SV02,S01,120
B001,BSHB01114,HB01114,SV01,S01,60
B001,BSHB01115,HB01115,SV01,S01,60
B001,BSHB01116,HB01116,SV01,S01,60
B001,BSHB01117,HB01117,SV01,S01,60
B001,BSHB01118,HB01118,SV02,S01,120
B001,BSHB01119,HB01119,SV02,S01,120
B001,BSHB01120,HB01120,SV01,S01,60
B001,BSHB01121,HB01121,SV02,S02,120
B001,BSHB01122,HB01122,SV01,S02,60
B001,BSHB01123,HB01123,SV01,S02,60
B001,BSHB01124,HB01124,SV01,S02,60
B001,BSHB01125,HB01125,SV01,S02,60
B001,BSHB01126,HB01126,SV02,S02,120
B001,BSHB01127,HB01127,SV02,S02,120
B001,BSHB01128,HB01128,SV01,S02,60
B001,BSHB01129,HB01129,SV01,S02,60
B001,BSHB01130,HB01130,SV01,S02,60
B001,BSHB01131,HB01131,SV01,S03,60
B001,BSHB01132,HB01132,SV01,S03,60
B001,BSHB01133,HB01133,SV01,S03,60
B001,BSHB01134,HB01134,SV02,S03,120
B001,BSHB01135,HB01135,SV02,S03,120
B001,BSHB01136,HB01136,SV01,S03,60
B001,BSHB01137,HB01137,SV01,S03,60
B001,BSHB01138,HB01138,SV01,S03,60
B001,BSHB01139,HB01139,SV01,S03,60
B001,BSHB01140,HB01140,SV02,S03,120
B001,BSHB01141,HB01141,SV02,S01,120
B001,BSHB01142,HB01142,SV01,S01,60
B001,BSHB01143,HB01143,SV01,S01,60
B001,BSHB01144,HB01144,SV01,S01,60
B001,BSHB01145,HB01145,SV01,S01,60
B001,BSHB01146,HB01146,SV02,S01,120
B001,BSHB01147,HB01147,SV02,S01,120
B001,BSHB01148,HB01148,SV01,S01,60
B001,BSHB01149,HB01149,SV01,S01,60
B001,BSHB01150,HB01150,SV01,S01,60
B001,BSHB01151,HB01151,SV01,S02,60
B001,BSHB01152,HB01152,SV01,S02,60
B001,BSHB01153,HB01153,SV01,S02,60
B001,BSHB01154,HB01154,SV02,S02,120
B001,BSHB01155,HB01155,SV02,S02,120
B001,BSHB01156,HB01156,SV01,S02,60
B001,BSHB01157,HB01157,SV01,S02,60
B001,BSHB01158,HB01158,SV01,S02,60
B001,BSHB01159,HB01159,SV01,S02,60
B001,BSHB01160,HB01160,SV02,S02,120
B001,BSHB01161,HB01161,SV01,S03,60
B001,BSHB01162,HB01162,SV02,S03,120
B001,BSHB01163,HB01163,SV02,S03,120
B001,BSHB01164,HB01164,SV01,S03,60
B001,BSHB01165,HB01165,SV01,S03,60
B001,BSHB01166,HB01166,SV01,S03,60
B001,BSHB01167,HB01167,SV01,S03,60
B001,BSHB01168,HB01168,SV02,S03,120
B001,BSHB01169,HB01169,SV02,S03,120
B001,BSHB01170,HB01170,SV01,S03,60
B001,BSHB01171,HB01171,SV01,S01,60
B001,BSHB01172,HB01172,SV01,S01,60
B001,BSHB01173,HB01173,SV01,S01,60
B001,BSHB01174,HB01174,SV02,S01,120
B001,BSHB01175,HB01175,SV02,S01,120
B001,BSHB01176,HB01176,SV01,S01,60
B001,BSHB01177,HB01177,SV01,S01,60
B001,BSHB01178,HB01178,SV01,S01,60
B001,BSHB01179,HB01179,SV01,S01,60
B001,BSHB01180,HB01180,SV02,S01,120
B001,BSHB01181,HB01181,SV01,S02,60
B001,BSHB01182,HB01182,SV02,S02,120
B001,BSHB01183,HB01183,SV02,S02,120
B001,BSHB01184,HB01184,SV01,S02,60
B001,BSHB01185,HB01185,SV01,S02,60
B001,BSHB01186,HB01186,SV01,S02,60
B001,BSHB01187,HB01187,SV01,S02,60
B001,BSHB01188,HB01188,SV02,S02,120
B001,BSHB01189,HB01189,SV02,S02,120
B001,BSHB01190,HB01190,SV01,S02,60
B001,BSHB01191,HB01191,SV02,S03,120
B001,BSHB01192,HB01192,SV01,S03,60
B001,BSHB01193,HB01193,SV01,S03,60
B001,BSHB01194,HB01194,SV01,S03,60
B001,BSHB01195,HB01195,SV01,S03,60
B001,BSHB01196,HB01196,SV02,S03,120
B001,BSHB01197,HB01197,SV02,S03,120
B001,BSHB01198,HB01198,SV01,S03,60
B001,BSHB01199,HB01199,SV01,S03,60
B001,BSHB01200,HB01200,SV01,S03,60
B001,BSHB01201,HB01201,SV01,S01,60
B001,BSHB01202,HB01202,SV02,S01,120
B001,BSHB01203,HB01203,SV02,S01,120
B001,BSHB01204,HB01204,SV01,S01,60
B001,BSHB01205,HB01205,SV01,S01,60
B001,BSHB01206,HB01206,SV01,S01,60
B001,BSHB01207,HB01207,SV01,S01,60
B001,BSHB01208,HB01208,SV02,S01,120
B001,BSHB01209,HB01209,SV02,S01,120
B001,BSHB01210,HB01210,SV01,S01,60
B001,BSHB01211,HB01211,SV02,S02,120
B001,BSHB01212,HB01212,SV01,S02,60
B001,BSHB01213,HB01213,SV01,S02,60
B001,BSHB01214,HB01214,SV01,S02,60
B001,BSHB01215,HB01215,SV01,S02,60
B001,BSHB01216,HB01216,SV02,S02,120
B001,BSHB01217,HB01217,SV02,S02,120
B001,BSHB01218,HB01218,SV01,S02,60
B001,BSHB01219,HB01219,SV01,S02,60
B001,BSHB01220,HB01220,SV01,S02,60
B001,BSHB01221,HB01221,SV01,S03,60
B001,BSHB01222,HB01222,SV01,S03,60
B001,BSHB01223,HB01223,SV01,S03,60
B001,BSHB01224,HB01224,SV02,S03,120
B001,BSHB01225,HB01225,SV02,S03,120
B001,BSHB01226,HB01226,SV01,S03,60
B001,BSHB01227,HB01227,SV01,S03,60
B001,BSHB01228,HB01228,SV01,S03,60
B001,BSHB01229,HB01229,SV01,S03,60
B001,BSHB01230,HB01230,SV02,S03,120
B001,BSHB01231,HB01231,SV02,S01,120
B001,BSHB01232,HB01232,SV01,S01,60
B001,BSHB01233,HB01233,SV01,S01,60
B001,BSHB01234,HB01234,SV01,S01,60
B001,BSHB01235,HB01235,SV01,S01,60
B001,BSHB01236,HB01236,SV02,S01,120
B001,BSHB01237,HB01237,SV02,S01,120
B001,BSHB01238,HB01238,SV01,S01,60
B001,BSHB01239,HB01239,SV01,S01,60
B001,BSHB01240,HB01240,SV01,S01,60
B001,BSHB01241,HB01241,SV01,S02,60
B001,BSHB01242,HB01242,SV01,S02,60
B001,BSHB01243,HB01243,SV01,S02,60
B001,BSHB01244,HB01244,SV02,S02,120
B001,BSHB01245,HB01245,SV02,S02,120
B001,BSHB01246,HB01246,SV01,S02,60
B001,BSHB01247,HB01247,SV01,S02,60
B001,BSHB01248,HB01248,SV01,S02,60
B001,BSHB01249,HB01249,SV01,S02,60
B001,BSHB01250,HB01250,SV02,S02,120
B001,BSHB01251,HB01251,SV01,S03,60
B001,BSHB01252,HB01252,SV02,S03,120
B001,BSHB01253,HB01253,SV02,S03,120
B001,BSHB01254,HB01254,SV01,S03,60
B001,BSHB01255,HB01255,SV01,S03,60
B001,BSHB01256,HB01256,SV01,S03,60
B001,BSHB01257,HB01257,SV01,S03,60
B001,BSHB01258,HB01258,SV02,S03,120
B001,BSHB01259,HB01259,SV02,S03,120
B001,BSHB01260,HB01260,SV01,S03,60
B001,BSHB01261,HB01261,SV01,S01,60
B001,BSHB01262,HB01262,SV01,S01,60
B001,BSHB01263,HB01263,SV01,S01,60
B001,BSHB01264,HB01264,SV02,S01,120
B001,BSHB01265,HB01265,SV02,S01,120
B001,BSHB01266,HB01266,SV01,S01,60
B001,BSHB01267,HB01267,SV01,S01,60
B001,BSHB01268,HB01268,SV01,S01,60
B001,BSHB01269,HB01269,SV01,S01,60
B001,BSHB01270,HB01270,SV02,S01,120
B001,BSHB01271,HB01271,SV01,S02,60
B001,BSHB01272,HB01272,SV02,S02,120
B001,BSHB01273,HB01273,SV02,S02,120
B001,BSHB01274,HB01274,SV01,S02,60
B001,BSHB01275,HB01275,SV01,S02,60
B001,BSHB01276,HB01276,SV01,S02,60
B001,BSHB01277,HB01277,SV01,S02,60
B001,BSHB01278,HB01278,SV02,S02,120
B001,BSHB01279,HB01279,SV02,S02,120
B001,BSHB01280,HB01280,SV01,S02,60
B001,BSHB01281,HB01281,SV02,S03,120
B001,BSHB01282,HB01282,SV01,S03,60
B001,BSHB01283,HB01283,SV01,S03,60
B001,BSHB01284,HB01284,SV01,S03,60
B001,BSHB01285,HB01285,SV01,S03,60
B001,BSHB01286,HB01286,SV02,S03,120
B001,BSHB01287,HB01287,SV02,S03,120
B001,BSHB01288,HB01288,SV01,S03,60
B001,BSHB01289,HB01289,SV01,S03,60
B001,BSHB01290,HB01290,SV01,S03,60
B001,BSHB01291,HB01291,SV01,S01,60
B001,BSHB01292,HB01292,SV02,S01,120
B001,BSHB01293,HB01293,SV02,S01,120
B001,BSHB01294,HB01294,SV01,S01,60
B001,BSHB01295,HB01295,SV01,S01,60
B001,BSHB01296,HB01296,SV01,S01,60
B001,BSHB01297,HB01297,SV01,S01,60
B001,BSHB01298,HB01298,SV02,S01,120
B001,BSHB01299,HB01299,SV02,S01,120
B001,BSHB01300,HB01300,SV01,S01,60
B001,BSHB01301,HB01301,SV02,S02,120
B001,BSHB01302,HB01302,SV01,S02,60
B001,BSHB01303,HB01303,SV01,S02,60
B001,BSHB01304,HB01304,SV01,S02,60
B001,BSHB01305,HB01305,SV01,S02,60
B001,BSHB01306,HB01306,SV02,S02,120
B001,BSHB01307,HB01307,SV02,S02,120
B001,BSHB01308,HB01308,SV01,S02,60
B001,BSHB01309,HB01309,SV01,S02,60
B001,BSHB01310,HB01310,SV01,S02,60
B001,BSHB01311,HB01311,SV01,S03,60
B001,BSHB01312,HB01312,SV01,S03,60
B001,BSHB01313,HB01313,SV01,S03,60
B001,BSHB01314,HB01314,SV02,S03,120
B001,BSHB01315,HB01315,SV02,S03,120
B001,BSHB01316,HB01316,SV01,S03,60
B001,BSHB01317,HB01317,SV01,S03,60
B001,BSHB01318,HB01318,SV01,S03,60
B001,BSHB01319,HB01319,SV01,S03,60
B001,BSHB01320,HB01320,SV02,S03,120
B001,BSHB01321,HB01321,SV02,S01,120
B001,BSHB01322,HB01322,SV01,S01,60
B001,BSHB01323,HB01323,SV01,S01,60
B001,BSHB01324,HB01324,SV01,S01,60
B001,BSHB01325,HB01325,SV01,S01,60
B001,BSHB01326,HB01326,SV02,S01,120
B001,BSHB01327,HB01327,SV02,S01,120
B001,BSHB01328,HB01328,SV01,S01,60
B001,BSHB01329,HB01329,SV01,S01,60
B001,BSHB01330,HB01330,SV01,S01,60
B001,BSHB01331,HB01331,SV01,S02,60
B001,BSHB01332,HB01332,SV01,S02,60
B001,BSHB01333,HB01333,SV01,S02,60
B001,BSHB01334,HB01334,SV02,S02,120
B001,BSHB01335,HB01335,SV02,S02,120
B001,BSHB01336,HB01336,SV01,S02,60
B001,BSHB01337,HB01337,SV01,S02,60
B001,BSHB01338,HB01338,SV01,S02,60
B001,BSHB01339,HB01339,SV01,S02,60
B001,BSHB01340,HB01340,SV02,S02,120
B001,BSHB01341,HB01341,SV01,S03,60
B001,BSHB01342,HB01342,SV02,S03,120
B001,BSHB01343,HB01343,SV02,S03,120
B001,BSHB01344,HB01344,SV01,S03,60
B001,BSHB01345,HB01345,SV01,S03,60
B001,BSHB01346,HB01346,SV01,S03,60
B001,BSHB01347,HB01347,SV01,S03,60
B001,BSHB01348,HB01348,SV02,S03,120
B001,BSHB01349,HB01349,SV02,S03,120
B001,BSHB01350,HB01350,SV01,S03,60
B001,BSHB01351,HB01351,SV01,S01,60
B001,BSHB01352,HB01352,SV01,S01,60
B001,BSHB01353,HB01353,SV01,S01,60
B001,BSHB01354,HB01354,SV02,S01,120
B001,BSHB01355,HB01355,SV02,S01,120
B001,BSHB01356,HB01356,SV01,S01,60
B001,BSHB01357,HB01357,SV01,S01,60
B001,BSHB01358,HB01358,SV01,S01,60
B001,BSHB01359,HB01359,SV01,S01,60
B001,BSHB01360,HB01360,SV02,S01,120
B001,BSHB01361,HB01361,SV01,S02,60
B001,BSHB01362,HB01362,SV02,S02,120
B001,BSHB01363,HB01363,SV02,S02,120
B001,BSHB01364,HB01364,SV01,S02,60
B001,BSHB01365,HB01365,SV01,S02,60
B001,BSHB01366,HB01366,SV01,S02,60
B001,BSHB01367,HB01367,SV01,S02,60
B001,BSHB01368,HB01368,SV02,S02,120
B001,BSHB01369,HB01369,SV02,S02,120
B001,BSHB01370,HB01370,SV01,S02,60
B001,BSHB01371,HB01371,SV02,S03,120
B001,BSHB01372,HB01372,SV01,S03,60
B001,BSHB01373,HB01373,SV01,S03,60
B001,BSHB01374,HB01374,SV01,S03,60
B001,BSHB01375,HB01375,SV01,S03,60
B001,BSHB01376,HB01376,SV02,S03,120
B001,BSHB01377,HB01377,SV02,S03,120
B001,BSHB01378,HB01378,SV01,S03,60
B001,BSHB01379,HB01379,SV01,S03,60
B001,BSHB01380,HB01380,SV01,S03,60
B001,BSHB01381,HB01381,SV01,S01,60
B001,BSHB01382,HB01382,SV02,S01,120
B001,BSHB01383,HB01383,SV02,S01,120
B001,BSHB01384,HB01384,SV01,S01,60
B001,BSHB01385,HB01385,SV01,S01,60
B001,BSHB01386,HB01386,SV01,S01,60
B001,BSHB01387,HB01387,SV01,S01,60
B001,BSHB01388,HB01388,SV02,S01,120
B001,BSHB01389,HB01389,SV02,S01,120
B001,BSHB01390,HB01390,SV01,S01,60
B001,BSHB01391,HB01391,SV02,S02,120
B001,BSHB01392,HB01392,SV01,S02,60
B001,BSHB01393,HB01393,SV01,S02,60
B001,BSHB01394,HB01394,SV01,S02,60
B001,BSHB01395,HB01395,SV01,S02,60
B001,BSHB01396,HB01396,SV02,S02,120
B001,BSHB01397,HB01397,SV02,S02,120
B001,BSHB01398,HB01398,SV01,S02,60
B001,BSHB01399,HB01399,SV01,S02,60
B001,BSHB01400,HB01400,SV01,S02,60
B001,BSHB01401,HB01401,SV01,S03,60
B001,BSHB01402,HB01402,SV01,S03,60
B001,BSHB01403,HB01403,SV01,S03,60
B001,BSHB01404,HB01404,SV02,S03,120
B001,BSHB01405,HB01405,SV02,S03,120
B001,BSHB01406,HB01406,SV01,S03,60
B001,BSHB01407,HB01407,SV01,S03,60
B001,BSHB01408,HB01408,SV01,S03,60
B001,BSHB01409,HB01409,SV01,S03,60
B001,BSHB01410,HB01410,SV02,S03,120
B001,BSHB01411,HB01411,SV02,S01,120
B001,BSHB01412,HB01412,SV01,S01,60
B001,BSHB01413,HB01413,SV01,S01,60
B001,BSHB01414,HB01414,SV01,S01,60
B001,BSHB01415,HB01415,SV01,S01,60
B001,BSHB01416,HB01416,SV02,S01,120
B001,BSHB01417,HB01417,SV02,S01,120
B001,BSHB01418,HB01418,SV01,S01,60
B001,BSHB01419,HB01419,SV01,S01,60
B001,BSHB01420,HB01420,SV01,S01,60
B001,BSHB01421,HB01421,SV01,S02,60
B001,BSHB01422,HB01422,SV01,S02,60
B001,BSHB01423,HB01423,SV01,S02,60
B001,BSHB01424,HB01424,SV02,S02,120
B001,BSHB01425,HB01425,SV02,S02,120
B001,BSHB01426,HB01426,SV01,S02,60
B001,BSHB01427,HB01427,SV01,S02,60
B001,BSHB01428,HB01428,SV01,S02,60
B001,BSHB01429,HB01429,SV01,S02,60
B001,BSHB01430,HB01430,SV02,S02,120
B001,BSHB01431,HB01431,SV01,S03,60
B001,BSHB01432,HB01432,SV02,S03,120
B001,BSHB01433,HB01433,SV02,S03,120
B001,BSHB01434,HB01434,SV01,S03,60
B001,BSHB01435,HB01435,SV01,S03,60
B001,BSHB01436,HB01436,SV01,S03,60
B001,BSHB01437,HB01437,SV01,S03,60
B001,BSHB01438,HB01438,SV02,S03,120
B001,BSHB01439,HB01439,SV02,S03,120
B001,BSHB01440,HB01440,SV01,S03,60
B001,BSHB01441,HB01441,SV01,S01,60
B001,BSHB01442,HB01442,SV01,S01,60
B001,BSHB01443,HB01443,SV01,S01,60
B001,BSHB01444,HB01444,SV02,S01,120
B001,BSHB01445,HB01445,SV02,S01,120
B001,BSHB01446,HB01446,SV01,S01,60
B001,BSHB01447,HB01447,SV01,S01,60
B001,BSHB01448,HB01448,SV01,S01,60
B001,BSHB01449,HB01449,SV01,S01,60
B001,BSHB01450,HB01450,SV02,S01,120
B001,BSHB01451,HB01451,SV01,S02,60
B001,BSHB01452,HB01452,SV02,S02,120
B001,BSHB01453,HB01453,SV02,S02,120
B001,BSHB01454,HB01454,SV01,S02,60
B001,BSHB01455,HB01455,SV01,S02,60
B001,BSHB01456,HB01456,SV01,S02,60
B001,BSHB01457,HB01457,SV01,S02,60
B001,BSHB01458,HB01458,SV02,S02,120
B001,BSHB01459,HB01459,SV02,S02,120
B001,BSHB01460,HB01460,SV01,S02,60
B001,BSHB01461,HB01461,SV02,S03,120
B001,BSHB01462,HB01462,SV01,S03,60
B001,BSHB01463,HB01463,SV01,S03,60
B001,BSHB01464,HB01464,SV01,S03,60
B001,BSHB01465,HB01465,SV01,S03,60
B001,BSHB01466,HB01466,SV02,S03,120
B001,BSHB01467,HB01467,SV02,S03,120
B001,BSHB01468,HB01468,SV01,S03,60
B001,BSHB01469,HB01469,SV01,S03,60
B001,BSHB01470,HB01470,SV01,S03,60
B001,BSHB01471,HB01471,SV01,S01,60
B001,BSHB01472,HB01472,SV02,S01,120
B001,BSHB01473,HB01473,SV02,S01,120
B001,BSHB01474,HB01474,SV01,S01,60
B001,BSHB01475,HB01475,SV01,S01,60
B001,BSHB01476,HB01476,SV01,S01,60
B001,BSHB01477,HB01477,SV01,S01,60
B001,BSHB01478,HB01478,SV02,S01,120
B001,BSHB01479,HB01479,SV02,S01,120
B001,BSHB01480,HB01480,SV01,S01,60
B001,BSHB01481,HB01481,SV02,S02,120
B001,BSHB01482,HB01482,SV01,S02,60
B001,BSHB01483,HB01483,SV01,S02,60
B001,BSHB01484,HB01484,SV01,S02,60
B001,BSHB01485,HB01485,SV01,S02,60
B001,BSHB01486,HB01486,SV02,S02,120
B001,BSHB01487,HB01487,SV02,S02,120
B001,BSHB01488,HB01488,SV01,S02,60
B001,BSHB01489,HB01489,SV01,S02,60
B001,BSHB01490,HB01490,SV01,S02,60
B001,BSHB01491,HB01491,SV01,S03,60
B001,BSHB01492,HB01492,SV01,S03,60
B001,BSHB01493,HB01493,SV01,S03,60
B001,BSHB01494,HB01494,SV02,S03,120
B001,BSHB01495,HB01495,SV02,S03,120
B001,BSHB01496,HB01496,SV01,S03,60
B001,BSHB01497,HB01497,SV01,S03,60
B001,BSHB01498,HB01498,SV01,S03,60
B001,BSHB01499,HB01499,SV01,S03,60
B001,BSHB01500,HB01500,SV02,S03,120
B001,BSHB01501,HB01501,SV02,S01,120
B001,BSHB01502,HB01502,SV01,S01,60
B001,BSHB01503,HB01503,SV01,S01,60
B001,BSHB01504,HB01504,SV01,S01,60
B001,BSHB01505,HB01505,SV01,S01,60
B001,BSHB01506,HB01506,SV02,S01,120
B001,BSHB01507,HB01507,SV02,S01,120
B001,BSHB01508,HB01508,SV01,S01,60
B001,BSHB01509,HB01509,SV01,S01,60
B001,BSHB01510,HB01510,SV01,S01,60
B001,BSHB01511,HB01511,SV01,S02,60
B001,BSHB01512,HB01512,SV01,S02,60
B001,BSHB01513,HB01513,SV01,S02,60
B001,BSHB01514,HB01514,SV02,S02,120
B001,BSHB01515,HB01515,SV02,S02,120
B001,BSHB01516,HB01516,SV01,S02,60
B001,BSHB01517,HB01517,SV01,S02,60
B001,BSHB01518,HB01518,SV01,S02,60
B001,BSHB01519,HB01519,SV01,S02,60
B001,BSHB01520,HB01520,SV02,S02,120
B001,BSHB01521,HB01521,SV01,S03,60
B001,BSHB01522,HB01522,SV02,S03,120
B001,BSHB01523,HB01523,SV02,S03,120
B001,BSHB01524,HB01524,SV01,S03,60
B001,BSHB01525,HB01525,SV01,S03,60
B001,BSHB01526,HB01526,SV01,S03,60
B001,BSHB01527,HB01527,SV01,S03,60
B001,BSHB01528,HB01528,SV02,S03,120
B001,BSHB01529,HB01529,SV02,S03,120
B001,BSHB01530,HB01530,SV01,S03,60
B001,BSHB01531,HB01531,SV01,S01,60
B001,BSHB01532,HB01532,SV01,S01,60
B001,BSHB01533,HB01533,SV01,S01,60
B001,BSHB01534,HB01534,SV02,S01,120
B001,BSHB01535,HB01535,SV02,S01,120
B001,BSHB01536,HB01536,SV01,S01,60
B001,BSHB01537,HB01537,SV01,S01,60
B001,BSHB01538,HB01538,SV01,S01,60
B001,BSHB01539,HB01539,SV01,S01,60
B001,BSHB01540,HB01540,SV02,S01,120
B001,BSHB01541,HB01541,SV01,S02,60
B001,BSHB01542,HB01542,SV02,S02,120
B001,BSHB01543,HB01543,SV02,S02,120
B001,BSHB01544,HB01544,SV01,S02,60
B001,BSHB01545,HB01545,SV01,S02,60
B001,BSHB01546,HB01546,SV01,S02,60
B001,BSHB01547,HB01547,SV01,S02,60
B001,BSHB01548,HB01548,SV02,S02,120
B001,BSHB01549,HB01549,SV02,S02,120
B001,BSHB01550,HB01550,SV01,S02,60
B001,BSHB01551,HB01551,SV02,S03,120
B001,BSHB01552,HB01552,SV01,S03,60
B001,BSHB01553,HB01553,SV01,S03,60
B001,BSHB01554,HB01554,SV01,S03,60
B001,BSHB01555,HB01555,SV01,S03,60
B001,BSHB01556,HB01556,SV02,S03,120
B001,BSHB01557,HB01557,SV02,S03,120
B001,BSHB01558,HB01558,SV01,S03,60
B001,BSHB01559,HB01559,SV01,S03,60
B001,BSHB01560,HB01560,SV01,S03,60
B001,BSHB01561,HB01561,SV01,S01,60
B001,BSHB01562,HB01562,SV02,S01,120
B001,BSHB01563,HB01563,SV02,S01,120
B001,BSHB01564,HB01564,SV01,S01,60
B001,BSHB01565,HB01565,SV01,S01,60
B001,BSHB01566,HB01566,SV01,S01,60
B001,BSHB01567,HB01567,SV01,S01,60
B001,BSHB01568,HB01568,SV02,S01,120
B001,BSHB01569,HB01569,SV02,S01,120
B001,BSHB01570,HB01570,SV01,S01,60
B001,BSHB01571,HB01571,SV02,S02,120
B001,BSHB01572,HB01572,SV01,S02,60
B001,BSHB01573,HB01573,SV01,S02,60
B001,BSHB01574,HB01574,SV01,S02,60
B001,BSHB01575,HB01575,SV01,S02,60
B001,BSHB01576,HB01576,SV02,S02,120
B001,BSHB01577,HB01577,SV02,S02,120
B001,BSHB01578,HB01578,SV01,S02,60
B001,BSHB01579,HB01579,SV01,S02,60
B001,BSHB01580,HB01580,SV01,S02,60
B001,BSHB01581,HB01581,SV01,S03,60
B001,BSHB01582,HB01582,SV01,S03,60
B001,BSHB01583,HB01583,SV01,S03,60
B001,BSHB01584,HB01584,SV02,S03,120
B001,BSHB01585,HB01585,SV02,S03,120
B001,BSHB01586,HB01586,SV01,S03,60
B001,BSHB01587,HB01587,SV01,S03,60
B001,BSHB01588,HB01588,SV01,S03,60
B001,BSHB01589,HB01589,SV01,S03,60
B001,BSHB01590,HB01590,SV02,S03,120
B001,BSHB01591,HB01591,SV02,S01,120
B001,BSHB01592,HB01592,SV01,S01,60
B001,BSHB01593,HB01593,SV01,S01,60
B001,BSHB01594,HB01594,SV01,S01,60
B001,BSHB01595,HB01595,SV01,S01,60
B001,BSHB01596,HB01596,SV02,S01,120
B001,BSHB01597,HB01597,SV02,S01,120
B001,BSHB01598,HB01598,SV01,S01,60
B001,BSHB01599,HB01599,SV01,S01,60
B001,BSHB01600,HB01600,SV01,S01,60
B001,BSHB01601,HB01601,SV01,S02,60
B001,BSHB01602,HB01602,SV01,S02,60
B001,BSHB01603,HB01603,SV01,S02,60
B001,BSHB01604,HB01604,SV02,S02,120
B001,BSHB01605,HB01605,SV02,S02,120
B001,BSHB01606,HB01606,SV01,S02,60
B001,BSHB01607,HB01607,SV01,S02,60
B001,BSHB01608,HB01608,SV01,S02,60
B001,BSHB01609,HB01609,SV01,S02,60
B001,BSHB01610,HB01610,SV02,S02,120
B001,BSHB01611,HB01611,SV01,S03,60
B001,BSHB01612,HB01612,SV02,S03,120
B001,BSHB01613,HB01613,SV02,S03,120
B001,BSHB01614,HB01614,SV01,S03,60
B001,BSHB01615,HB01615,SV01,S03,60
B001,BSHB01616,HB01616,SV01,S03,60
B001,BSHB01617,HB01617,SV01,S03,60
B001,BSHB01618,HB01618,SV02,S03,120
B001,BSHB01619,HB01619,SV02,S03,120
B001,BSHB01620,HB01620,SV01,S03,60
B001,BSHB01621,HB01621,SV01,S01,60
B001,BSHB01622,HB01622,SV01,S01,60
B001,BSHB01623,HB01623,SV01,S01,60
B001,BSHB01624,HB01624,SV02,S01,120
B001,BSHB01625,HB01625,SV02,S01,120
B001,BSHB01626,HB01626,SV01,S01,60
B001,BSHB01627,HB01627,SV01,S01,60
B001,BSHB01628,HB01628,SV01,S01,60
B001,BSHB01629,HB01629,SV01,S01,60
B001,BSHB01630,HB01630,SV02,S01,120
B001,BSHB01631,HB01631,SV01,S02,60
B001,BSHB01632,HB01632,SV02,S02,120
B001,BSHB01633,HB01633,SV02,S02,120
B001,BSHB01634,HB01634,SV01,S02,60
B001,BSHB01635,HB01635,SV01,S02,60
B001,BSHB01636,HB01636,SV01,S02,60
B001,BSHB01637,HB01637,SV01,S02,60
B001,BSHB01638,HB01638,SV02,S02,120
B001,BSHB01639,HB01639,SV02,S02,120
B001,BSHB01640,HB01640,SV01,S02,60
B001,BSHB01641,HB01641,SV02,S03,120
B001,BSHB01642,HB01642,SV01,S03,60
B001,BSHB01643,HB01643,SV01,S03,60
B001,BSHB01644,HB01644,SV01,S03,60
B001,BSHB01645,HB01645,SV01,S03,60
B001,BSHB01646,HB01646,SV02,S03,120
B001,BSHB01647,HB01647,SV02,S03,120
B001,BSHB01648,HB01648,SV01,S03,60
B001,BSHB01649,HB01649,SV01,S03,60
B001,BSHB01650,HB01650,SV01,S03,60
B001,PKB000SV05,PKB000,SV05,S01,90
B001,PKB001SV03,PKB001,SV03,S02,150
B001,PKB001SV04,PKB001,SV04,S02,30
B001,PKB002SV03,PKB002,SV03,S03,150
B001,PKB002SV04,PKB002,SV04,S03,30
B001,PKB003SV03,PKB003,SV03,S01,150
B001,PKB003SV04,PKB003,SV04,S01,30
B001,PKB004SV05,PKB004,SV05,S02,90
B001,PKB005SV03,PKB005,SV03,S03,150
B001,PKB005SV04,PKB005,SV04,S03,30
B001,PKB006SV03,PKB006,SV03,S01,150
B001,PKB006SV04,PKB006,SV04,S01,30
B001,PKB007SV03,PKB007,SV03,S02,150
B001,PKB007SV04,PKB007,SV04,S02,30
B001,PKB008SV05,PKB008,SV05,S03,90
B001,PKB009SV03,PKB009,SV03,S01,150
B001,PKB009SV04,PKB009,SV04,S01,30
B001,PKB010SV03,PKB010,SV03,S02,150
B001,PKB010SV04,PKB010,SV04,S02,30
B001,PKB011SV03,PKB011,SV03,S03,150
B001,PKB011SV04,PKB011,SV04,S03,30
B001,PKB012SV05,PKB012,SV05,S01,90
B001,PKB013SV03,PKB013,SV03,S02,150
B001,PKB013SV04,PKB013,SV04,S02,30
B001,PKB014SV03,PKB014,SV03,S03,150
B001,PKB014SV04,PKB014,SV04,S03,30
B001,PKB015SV03,PKB015,SV03,S01,150
B001,PKB015SV04,PKB015,SV04,S01,30
B001,PKB016SV05,PKB016,SV05,S02,90
B001,PKB017SV03,PKB017,SV03,S03,150
B001,PKB017SV04,PKB017,SV04,S03,30
B001,PKB018SV03,PKB018,SV03,S01,150
B001,PKB018SV04,PKB018,SV04,S01,30
B001,PKB019SV03,PKB019,SV03,S02,150
B001,PKB019SV04,PKB019,SV04,S02,30
B001,PKB020SV05,PKB020,SV05,S03,90
B001,PKB021SV03,PKB021,SV03,S01,150
B001,PKB021SV04,PKB021,SV04,S01,30
B001,PKB022SV03,PKB022,SV03,S02,150
B001,PKB022SV04,PKB022,SV04,S02,30
B001,PKB023SV03,PKB023,SV03,S03,150
B001,PKB023SV04,PKB023,SV04,S03,30
B001,FALLBS,FALLB,SV06,S03,30
