customer_id,customer_name,email,first_completed_visit_date,first_visit_source,preferred_staff_name,contact_permission
C0001,Olivia Nguyen,customer0001@example.com,21/12/2024,Imported customer master,Sarah,yes
C0002,Amelia Nguyen,customer0002@example.com,26/11/2025,Imported customer master,Sam,yes
C0003,Charlotte Nguyen,customer0003@example.com,27/5/2024,Imported customer master,Sam,yes
C0004,Isla Nguyen,customer0004@example.com,17/11/2025,Imported customer master,Matthew,yes
C0005,Mia Nguyen,customer0005@example.com,18/5/2024,Imported customer master,Sarah,yes
C0006,Ava Nguyen,customer0006@example.com,13/12/2025,Imported customer master,Sam,yes
C0007,Grace Nguyen,customer0007@example.com,1/9/2025,Imported customer master,Sarah,yes
C0008,Chloe Nguyen,customer0008@example.com,3/7/2024,Imported customer master,Sam,yes
C0009,Zoe Nguyen,customer0009@example.com,8/5/2024,Imported customer master,Sarah,yes
C0010,Lily Nguyen,customer0010@example.com,30/9/2025,Imported customer master,Sarah,yes
C0011,Emily Nguyen,customer0011@example.com,29/9/2025,Imported customer master,Sarah,yes
C0012,Sophie Nguyen,customer0012@example.com,29/8/2025,Imported customer master,Matthew,yes
C0013,Ella Nguyen,customer0013@example.com,27/4/2024,Imported customer master,Sam,yes
C0014,Ruby Nguyen,customer0014@example.com,19/12/2024,Imported customer master,Sarah,yes
C0015,Lucy Nguyen,customer0015@example.com,19/11/2025,Imported customer master,Matthew,yes
C0016,Jessica Nguyen,customer0016@example.com,21/9/2024,Imported customer master,Matthew,yes
C0017,Emma Nguyen,customer0017@example.com,2/10/2025,Imported customer master,Matthew,yes
C0018,Hannah Nguyen,customer0018@example.com,22/8/2024,Imported customer master,Sarah,yes
C0019,Sienna Nguyen,customer0019@example.com,5/10/2025,Imported customer master,Sarah,yes
C0020,Sofia Nguyen,customer0020@example.com,21/6/2025,Imported customer master,Sam,yes
C0021,Noah Nguyen,customer0021@example.com,20/5/2024,Imported customer master,Matthew,yes
C0022,Oliver Nguyen,customer0022@example.com,14/8/2025,Imported customer master,Sarah,yes
C0023,Jack Nguyen,customer0023@example.com,9/10/2024,Imported customer master,Matthew,yes
C0024,Henry Nguyen,customer0024@example.com,29/1/2026,Imported customer master,Sarah,yes
C0025,Leo Nguyen,customer0025@example.com,2/9/2025,Imported customer master,Matthew,yes
C0026,Liam Nguyen,customer0026@example.com,9/1/2025,Imported customer master,Matthew,yes
C0027,Lucas Nguyen,customer0027@example.com,26/12/2025,Imported customer master,Matthew,yes
C0028,William Nguyen,customer0028@example.com,24/9/2024,Imported customer master,Sarah,yes
C0029,James Nguyen,customer0029@example.com,9/4/2025,Imported customer master,Sam,yes
C0030,Ethan Nguyen,customer0030@example.com,13/10/2024,Imported customer master,Sam,yes
C0031,Aria Nguyen,customer0031@example.com,15/11/2024,Imported customer master,Sarah,yes
C0032,Layla Nguyen,customer0032@example.com,11/9/2025,Imported customer master,Sarah,yes
C0033,Harper Nguyen,customer0033@example.com,14/8/2024,Imported customer master,Matthew,yes
C0034,Alice Nguyen,customer0034@example.com,30/11/2025,Imported customer master,Sarah,yes
C0035,Ivy Nguyen,customer0035@example.com,2/8/2025,Imported customer master,Sam,yes
C0036,Willow Nguyen,customer0036@example.com,8/12/2025,Imported customer master,Sarah,yes
C0037,Olivia Smith,customer0037@example.com,23/6/2025,Imported customer master,Sarah,yes
C0038,Amelia Smith,customer0038@example.com,29/12/2024,Imported customer master,Matthew,yes
C0039,Charlotte Smith,customer0039@example.com,1/11/2024,Imported customer master,Sam,yes
C0040,Isla Smith,customer0040@example.com,12/10/2025,Imported customer master,Matthew,yes
C0041,Mia Smith,customer0041@example.com,28/2/2025,Imported customer master,Matthew,yes
C0042,Ava Smith,customer0042@example.com,2/5/2024,Imported customer master,Sarah,yes
C0043,Grace Smith,customer0043@example.com,30/9/2024,Imported customer master,Matthew,yes
C0044,Chloe Smith,customer0044@example.com,1/5/2024,Imported customer master,Matthew,yes
C0045,Zoe Smith,customer0045@example.com,28/7/2025,Imported customer master,Sam,yes
C0046,Lily Smith,customer0046@example.com,2/12/2024,Imported customer master,Sarah,yes
C0047,Emily Smith,customer0047@example.com,8/6/2024,Imported customer master,Sam,yes
C0048,Sophie Smith,customer0048@example.com,24/10/2024,Imported customer master,Sam,yes
C0049,Ella Smith,customer0049@example.com,15/9/2024,Imported customer master,Sam,yes
C0050,Ruby Smith,customer0050@example.com,13/6/2024,Imported customer master,Matthew,yes
C0051,Lucy Smith,customer0051@example.com,8/4/2024,Imported customer master,Sam,yes
C0052,Jessica Smith,customer0052@example.com,2/3/2025,Imported customer master,Sarah,yes
C0053,Emma Smith,customer0053@example.com,9/10/2024,Imported customer master,Sam,yes
C0054,Hannah Smith,customer0054@example.com,27/7/2025,Imported customer master,Sarah,yes
C0055,Sienna Smith,customer0055@example.com,9/1/2026,Imported customer master,Sam,yes
C0056,Sofia Smith,customer0056@example.com,9/10/2025,Imported customer master,Matthew,yes
C0057,Noah Smith,customer0057@example.com,26/8/2025,Imported customer master,Sarah,yes
C0058,Oliver Smith,customer0058@example.com,27/1/2026,Imported customer master,Sam,yes
C0059,Jack Smith,customer0059@example.com,10/2/2025,Imported customer master,Sam,yes
C0060,Henry Smith,customer0060@example.com,1/10/2024,Imported customer master,Sam,yes
C0061,Leo Smith,customer0061@example.com,14/4/2024,Imported customer master,Matthew,yes
C0062,Liam Smith,customer0062@example.com,27/5/2024,Imported customer master,Sarah,yes
C0063,Lucas Smith,customer0063@example.com,8/6/2024,Imported customer master,Sarah,yes
C0064,William Smith,customer0064@example.com,2/7/2025,Imported customer master,Sarah,yes
C0065,James Smith,customer0065@example.com,28/1/2025,Imported customer master,Matthew,yes
C0066,Ethan Smith,customer0066@example.com,19/4/2024,Imported customer master,Sarah,yes
C0067,Aria Smith,customer0067@example.com,18/6/2024,Imported customer master,Matthew,yes
C0068,Layla Smith,customer0068@example.com,1/7/2025,Imported customer master,Sam,yes
C0069,Harper Smith,customer0069@example.com,5/8/2025,Imported customer master,Sam,yes
C0070,Alice Smith,customer0070@example.com,28/9/2025,Imported customer master,Matthew,yes
C0071,Ivy Smith,customer0071@example.com,15/9/2024,Imported customer master,Sam,yes
C0072,Willow Smith,customer0072@example.com,22/9/2025,Imported customer master,Sam,yes
C0073,Olivia Wilson,customer0073@example.com,27/10/2025,Imported customer master,Sarah,yes
C0074,Amelia Wilson,customer0074@example.com,6/1/2026,Imported customer master,Matthew,yes
C0075,Charlotte Wilson,customer0075@example.com,22/12/2025,Imported customer master,Matthew,yes
C0076,Isla Wilson,customer0076@example.com,23/11/2024,Imported customer master,Matthew,yes
C0077,Mia Wilson,customer0077@example.com,21/5/2024,Imported customer master,Sam,yes
C0078,Ava Wilson,customer0078@example.com,5/1/2025,Imported customer master,Sam,yes
C0079,Grace Wilson,customer0079@example.com,21/3/2025,Imported customer master,Sarah,yes
C0080,Chloe Wilson,customer0080@example.com,20/12/2025,Imported customer master,Matthew,yes
C0081,Zoe Wilson,customer0081@example.com,9/3/2025,Imported customer master,Sarah,yes
C0082,Lily Wilson,customer0082@example.com,27/5/2024,Imported customer master,Sarah,yes
C0083,Emily Wilson,customer0083@example.com,13/8/2025,Imported customer master,Sam,yes
C0084,Sophie Wilson,customer0084@example.com,13/5/2024,Imported customer master,Matthew,yes
C0085,Ella Wilson,customer0085@example.com,5/1/2026,Imported customer master,Sarah,yes
C0086,Ruby Wilson,customer0086@example.com,7/9/2024,Imported customer master,Matthew,yes
C0087,Lucy Wilson,customer0087@example.com,30/1/2026,Imported customer master,Sarah,yes
C0088,Jessica Wilson,customer0088@example.com,27/5/2025,Imported customer master,Sam,yes
C0089,Emma Wilson,customer0089@example.com,14/8/2024,Imported customer master,Sarah,yes
C0090,Hannah Wilson,customer0090@example.com,26/5/2024,Imported customer master,Sarah,yes
C0091,Sienna Wilson,customer0091@example.com,20/7/2025,Imported customer master,Matthew,yes
C0092,Sofia Wilson,customer0092@example.com,25/12/2024,Imported customer master,Matthew,yes
C0093,Noah Wilson,customer0093@example.com,17/5/2025,Imported customer master,Sam,yes
C0094,Oliver Wilson,customer0094@example.com,27/8/2024,Imported customer master,Matthew,yes
C0095,Jack Wilson,customer0095@example.com,29/10/2024,Imported customer master,Sarah,yes
C0096,Henry Wilson,customer0096@example.com,24/6/2025,Imported customer master,Matthew,yes
C0097,Leo Wilson,customer0097@example.com,13/8/2025,Imported customer master,Sarah,yes
C0098,Liam Wilson,customer0098@example.com,9/8/2025,Imported customer master,Sam,yes
C0099,Lucas Wilson,customer0099@example.com,18/12/2024,Imported customer master,Sarah,yes
C0100,William Wilson,customer0100@example.com,21/6/2025,Imported customer master,Sam,yes
C0101,James Wilson,customer0101@example.com,4/10/2025,Imported customer master,Sarah,yes
C0102,Ethan Wilson,customer0102@example.com,3/4/2025,Imported customer master,Matthew,yes
C0103,Aria Wilson,customer0103@example.com,25/9/2025,Imported customer master,Sarah,yes
C0104,Layla Wilson,customer0104@example.com,24/9/2024,Imported customer master,Sarah,yes
C0105,Harper Wilson,customer0105@example.com,20/12/2024,Imported customer master,Matthew,yes
C0106,Alice Wilson,customer0106@example.com,3/10/2025,Imported customer master,Sarah,yes
C0107,Ivy Wilson,customer0107@example.com,13/2/2025,Imported customer master,Sam,yes
C0108,Willow Wilson,customer0108@example.com,21/5/2024,Imported customer master,Sarah,yes
C0109,Olivia Taylor,customer0109@example.com,4/12/2024,Imported customer master,Sarah,yes
C0110,Amelia Taylor,customer0110@example.com,30/8/2025,Imported customer master,Matthew,yes
C0111,Charlotte Taylor,customer0111@example.com,17/9/2025,Imported customer master,Matthew,yes
C0112,Isla Taylor,customer0112@example.com,20/12/2025,Imported customer master,Sarah,yes
C0113,Mia Taylor,customer0113@example.com,20/11/2025,Imported customer master,Sam,yes
C0114,Ava Taylor,customer0114@example.com,30/11/2025,Imported customer master,Matthew,yes
C0115,Grace Taylor,customer0115@example.com,2/4/2024,Imported customer master,Sam,yes
C0116,Chloe Taylor,customer0116@example.com,27/8/2025,Imported customer master,Matthew,yes
C0117,Zoe Taylor,customer0117@example.com,27/1/2026,Imported customer master,Matthew,yes
C0118,Lily Taylor,customer0118@example.com,12/8/2025,Imported customer master,Sam,yes
C0119,Emily Taylor,customer0119@example.com,26/6/2025,Imported customer master,Sam,yes
C0120,Sophie Taylor,customer0120@example.com,10/8/2025,Imported customer master,Sam,yes
C0121,Ella Taylor,customer0121@example.com,17/4/2024,Imported customer master,Matthew,yes
C0122,Ruby Taylor,customer0122@example.com,21/5/2025,Imported customer master,Sam,yes
C0123,Lucy Taylor,customer0123@example.com,3/6/2025,Imported customer master,Sam,yes
C0124,Jessica Taylor,customer0124@example.com,3/6/2025,Imported customer master,Sam,yes
C0125,Emma Taylor,customer0125@example.com,26/7/2024,Imported customer master,Sam,yes
C0126,Hannah Taylor,customer0126@example.com,16/6/2025,Imported customer master,Sarah,yes
C0127,Sienna Taylor,customer0127@example.com,27/6/2024,Imported customer master,Matthew,yes
C0128,Sofia Taylor,customer0128@example.com,12/11/2024,Imported customer master,Sam,yes
C0129,Noah Taylor,customer0129@example.com,23/5/2025,Imported customer master,Matthew,yes
C0130,Oliver Taylor,customer0130@example.com,25/11/2024,Imported customer master,Sarah,yes
C0131,Jack Taylor,customer0131@example.com,7/12/2025,Imported customer master,Sarah,yes
C0132,Henry Taylor,customer0132@example.com,12/5/2024,Imported customer master,Sam,yes
C0133,Leo Taylor,customer0133@example.com,22/12/2024,Imported customer master,Sarah,yes
C0134,Liam Taylor,customer0134@example.com,25/4/2024,Imported customer master,Sarah,yes
C0135,Lucas Taylor,customer0135@example.com,11/4/2024,Imported customer master,Sam,yes
C0136,William Taylor,customer0136@example.com,17/6/2024,Imported customer master,Sam,yes
C0137,James Taylor,customer0137@example.com,29/11/2025,Imported customer master,Sarah,yes
C0138,Ethan Taylor,customer0138@example.com,23/1/2026,Imported customer master,Matthew,yes
C0139,Aria Taylor,customer0139@example.com,28/7/2025,Imported customer master,Sam,yes
C0140,Layla Taylor,customer0140@example.com,11/12/2025,Imported customer master,Sarah,yes
C0141,Harper Taylor,customer0141@example.com,29/5/2025,Imported customer master,Matthew,yes
C0142,Alice Taylor,customer0142@example.com,25/7/2024,Imported customer master,Sarah,yes
C0143,Ivy Taylor,customer0143@example.com,14/1/2026,Imported customer master,Sarah,yes
C0144,Willow Taylor,customer0144@example.com,12/5/2025,Imported customer master,Sarah,yes
C0145,Olivia Chen,customer0145@example.com,28/11/2024,Imported customer master,Sam,yes
C0146,Amelia Chen,customer0146@example.com,4/4/2025,Imported customer master,Sam,yes
C0147,Charlotte Chen,customer0147@example.com,2/5/2025,Imported customer master,Matthew,yes
C0148,Isla Chen,customer0148@example.com,24/8/2024,Imported customer master,Matthew,yes
C0149,Mia Chen,customer0149@example.com,24/11/2025,Imported customer master,Matthew,yes
C0150,Ava Chen,customer0150@example.com,25/4/2025,Imported customer master,Matthew,yes
C0151,Grace Chen,customer0151@example.com,20/5/2024,Imported customer master,Sarah,yes
C0152,Chloe Chen,customer0152@example.com,26/3/2025,Imported customer master,Sarah,yes
C0153,Zoe Chen,customer0153@example.com,4/3/2025,Imported customer master,Sarah,yes
C0154,Lily Chen,customer0154@example.com,8/1/2025,Imported customer master,Matthew,yes
C0155,Emily Chen,customer0155@example.com,2/9/2025,Imported customer master,Sarah,yes
C0156,Sophie Chen,customer0156@example.com,18/10/2025,Imported customer master,Matthew,yes
C0157,Ella Chen,customer0157@example.com,11/5/2025,Imported customer master,Matthew,yes
C0158,Ruby Chen,customer0158@example.com,6/9/2024,Imported customer master,Sarah,yes
C0159,Lucy Chen,customer0159@example.com,7/6/2024,Imported customer master,Sarah,yes
C0160,Jessica Chen,customer0160@example.com,12/5/2024,Imported customer master,Matthew,yes
C0161,Emma Chen,customer0161@example.com,10/5/2025,Imported customer master,Matthew,yes
C0162,Hannah Chen,customer0162@example.com,4/2/2025,Imported customer master,Sam,yes
C0163,Sienna Chen,customer0163@example.com,22/1/2025,Imported customer master,Sarah,yes
C0164,Sofia Chen,customer0164@example.com,29/8/2024,Imported customer master,Sam,yes
C0165,Noah Chen,customer0165@example.com,25/12/2024,Imported customer master,Matthew,yes
C0166,Oliver Chen,customer0166@example.com,17/5/2025,Imported customer master,Sarah,yes
C0167,Jack Chen,customer0167@example.com,27/8/2024,Imported customer master,Matthew,yes
C0168,Henry Chen,customer0168@example.com,16/8/2024,Imported customer master,Sam,yes
C0169,Leo Chen,customer0169@example.com,14/9/2025,Imported customer master,Matthew,yes
C0170,Liam Chen,customer0170@example.com,2/11/2025,Imported customer master,Sarah,yes
C0171,Lucas Chen,customer0171@example.com,26/9/2024,Imported customer master,Sarah,yes
C0172,William Chen,customer0172@example.com,16/4/2025,Imported customer master,Sam,yes
C0173,James Chen,customer0173@example.com,7/12/2025,Imported customer master,Sam,yes
C0174,Ethan Chen,customer0174@example.com,6/11/2025,Imported customer master,Matthew,yes
C0175,Aria Chen,customer0175@example.com,6/5/2025,Imported customer master,Matthew,yes
C0176,Layla Chen,customer0176@example.com,28/5/2024,Imported customer master,Matthew,yes
C0177,Harper Chen,customer0177@example.com,17/10/2025,Imported customer master,Sarah,yes
C0178,Alice Chen,customer0178@example.com,30/5/2024,Imported customer master,Sarah,yes
C0179,Ivy Chen,customer0179@example.com,5/7/2024,Imported customer master,Sam,yes
C0180,Willow Chen,customer0180@example.com,28/4/2025,Imported customer master,Sam,yes
C0181,Olivia Singh,customer0181@example.com,20/3/2026,Appointment history,Matthew,yes
C0182,Amelia Singh,customer0182@example.com,16/3/2026,Appointment history,Sam,yes
C0183,Charlotte Singh,customer0183@example.com,18/3/2026,Appointment history,Sam,yes
C0184,Isla Singh,customer0184@example.com,17/3/2026,Appointment history,Sarah,yes
C0185,Mia Singh,customer0185@example.com,18/3/2026,Appointment history,Matthew,yes
C0186,Ava Singh,customer0186@example.com,18/3/2026,Appointment history,Matthew,yes
C0187,Grace Singh,customer0187@example.com,16/3/2026,Appointment history,Sam,yes
C0188,Chloe Singh,customer0188@example.com,18/3/2026,Appointment history,Sam,yes
C0189,Zoe Singh,customer0189@example.com,20/3/2026,Appointment history,Matthew,yes
C0190,Lily Singh,customer0190@example.com,20/3/2026,Appointment history,Matthew,yes
C0191,Emily Singh,customer0191@example.com,20/3/2026,Appointment history,Sam,yes
C0192,Sophie Singh,customer0192@example.com,18/3/2026,Appointment history,Sam,yes
C0193,Ella Singh,customer0193@example.com,16/3/2026,Appointment history,Matthew,yes
C0194,Ruby Singh,customer0194@example.com,18/3/2026,Appointment history,Sam,yes
C0195,Lucy Singh,customer0195@example.com,18/3/2026,Appointment history,Matthew,yes
C0196,Jessica Singh,customer0196@example.com,17/3/2026,Appointment history,Matthew,yes
C0197,Emma Singh,customer0197@example.com,16/3/2026,Appointment history,Sam,yes
C0198,Hannah Singh,customer0198@example.com,17/3/2026,Appointment history,Sam,yes
C0199,Sienna Singh,customer0199@example.com,17/3/2026,Appointment history,Sarah,yes
C0200,Sofia Singh,customer0200@example.com,17/3/2026,Appointment history,Sarah,yes
C0201,Noah Singh,customer0201@example.com,24/3/2026,Appointment history,Matthew,yes
C0202,Oliver Singh,customer0202@example.com,23/3/2026,Appointment history,Matthew,yes
C0203,Jack Singh,customer0203@example.com,23/3/2026,Appointment history,Sarah,yes
C0204,Henry Singh,customer0204@example.com,24/3/2026,Appointment history,Sam,yes
C0205,Leo Singh,customer0205@example.com,27/3/2026,Appointment history,Sam,yes
C0206,Liam Singh,customer0206@example.com,25/3/2026,Appointment history,Sam,yes
C0207,Lucas Singh,customer0207@example.com,25/3/2026,Appointment history,Matthew,yes
C0208,William Singh,customer0208@example.com,23/3/2026,Appointment history,Sam,yes
C0209,James Singh,customer0209@example.com,25/3/2026,Appointment history,Sam,yes
C0210,Ethan Singh,customer0210@example.com,27/3/2026,Appointment history,Sam,yes
C0211,Aria Singh,customer0211@example.com,24/3/2026,Appointment history,Matthew,yes
C0212,Layla Singh,customer0212@example.com,25/3/2026,Appointment history,Matthew,yes
C0213,Harper Singh,customer0213@example.com,25/3/2026,Appointment history,Sam,yes
C0214,Alice Singh,customer0214@example.com,23/3/2026,Appointment history,Sam,yes
C0215,Ivy Singh,customer0215@example.com,25/3/2026,Appointment history,Matthew,yes
C0216,Willow Singh,customer0216@example.com,23/3/2026,Appointment history,Sarah,yes
C0217,Olivia Brown,customer0217@example.com,27/3/2026,Appointment history,Sarah,yes
C0218,Amelia Brown,customer0218@example.com,24/3/2026,Appointment history,Sarah,yes
C0219,Charlotte Brown,customer0219@example.com,23/3/2026,Appointment history,Matthew,yes
C0220,Isla Brown,customer0220@example.com,25/3/2026,Appointment history,Matthew,yes
C0221,Mia Brown,customer0221@example.com,24/3/2026,Appointment history,Matthew,yes
C0222,Ava Brown,customer0222@example.com,1/4/2026,Appointment history,Sam,yes
C0223,Grace Brown,customer0223@example.com,1/4/2026,Appointment history,Matthew,yes
C0224,Chloe Brown,customer0224@example.com,31/3/2026,Appointment history,Sarah,yes
C0225,Zoe Brown,customer0225@example.com,31/3/2026,Appointment history,Sam,yes
C0226,Lily Brown,customer0226@example.com,30/3/2026,Appointment history,Sam,yes
C0227,Emily Brown,customer0227@example.com,31/3/2026,Appointment history,Sarah,yes
C0228,Sophie Brown,customer0228@example.com,1/4/2026,Appointment history,Matthew,yes
C0229,Ella Brown,customer0229@example.com,1/4/2026,Appointment history,Sam,yes
C0230,Ruby Brown,customer0230@example.com,1/4/2026,Appointment history,Matthew,yes
C0231,Lucy Brown,customer0231@example.com,31/3/2026,Appointment history,Sarah,yes
C0232,Jessica Brown,customer0232@example.com,1/4/2026,Appointment history,Matthew,yes
C0233,Emma Brown,customer0233@example.com,31/3/2026,Appointment history,Sam,yes
C0234,Hannah Brown,customer0234@example.com,31/3/2026,Appointment history,Matthew,yes
C0235,Sienna Brown,customer0235@example.com,1/4/2026,Appointment history,Matthew,yes
C0236,Sofia Brown,customer0236@example.com,1/4/2026,Appointment history,Sam,yes
C0237,Noah Brown,customer0237@example.com,31/3/2026,Appointment history,Matthew,yes
C0238,Oliver Brown,customer0238@example.com,31/3/2026,Appointment history,Sarah,yes
C0239,Jack Brown,customer0239@example.com,1/4/2026,Appointment history,Matthew,yes
C0240,Henry Brown,customer0240@example.com,1/4/2026,Appointment history,Sarah,yes
C0241,Leo Brown,customer0241@example.com,31/3/2026,Appointment history,Matthew,yes
C0242,Liam Brown,customer0242@example.com,7/4/2026,Appointment history,Sam,yes
C0243,Lucas Brown,customer0243@example.com,7/4/2026,Appointment history,Sarah,yes
C0244,William Brown,customer0244@example.com,7/4/2026,Appointment history,Matthew,yes
C0245,James Brown,customer0245@example.com,7/4/2026,Appointment history,Matthew,yes
C0246,Ethan Brown,customer0246@example.com,10/4/2026,Appointment history,Sam,yes
C0247,Aria Brown,customer0247@example.com,10/4/2026,Appointment history,Sam,yes
C0248,Layla Brown,customer0248@example.com,7/4/2026,Appointment history,Sam,yes
C0249,Harper Brown,customer0249@example.com,7/4/2026,Appointment history,Sam,yes
C0250,Alice Brown,customer0250@example.com,6/4/2026,Appointment history,Matthew,yes
C0251,Ivy Brown,customer0251@example.com,7/4/2026,Appointment history,Sarah,yes
C0252,Willow Brown,customer0252@example.com,8/4/2026,Appointment history,Sarah,yes
C0253,Olivia Williams,customer0253@example.com,10/4/2026,Appointment history,Sam,yes
C0254,Amelia Williams,customer0254@example.com,7/4/2026,Appointment history,Sam,yes
C0255,Charlotte Williams,customer0255@example.com,7/4/2026,Appointment history,Sarah,yes
C0256,Isla Williams,customer0256@example.com,7/4/2026,Appointment history,Matthew,yes
C0257,Mia Williams,customer0257@example.com,10/4/2026,Appointment history,Matthew,yes
C0258,Ava Williams,customer0258@example.com,7/4/2026,Appointment history,Sarah,yes
C0259,Grace Williams,customer0259@example.com,7/4/2026,Appointment history,Matthew,yes
C0260,Chloe Williams,customer0260@example.com,14/4/2026,Appointment history,Matthew,yes
C0261,Zoe Williams,customer0261@example.com,14/4/2026,Appointment history,Sarah,yes
C0262,Lily Williams,customer0262@example.com,17/4/2026,Appointment history,Matthew,yes
C0263,Emily Williams,customer0263@example.com,14/4/2026,Appointment history,Matthew,yes
C0264,Sophie Williams,customer0264@example.com,13/4/2026,Appointment history,Sarah,yes
C0265,Ella Williams,customer0265@example.com,14/4/2026,Appointment history,Sarah,yes
C0266,Ruby Williams,customer0266@example.com,13/4/2026,Appointment history,Sarah,yes
C0267,Lucy Williams,customer0267@example.com,13/4/2026,Appointment history,Sam,yes
C0268,Jessica Williams,customer0268@example.com,14/4/2026,Appointment history,Sarah,yes
C0269,Emma Williams,customer0269@example.com,13/4/2026,Appointment history,Sarah,yes
C0270,Hannah Williams,customer0270@example.com,13/4/2026,Appointment history,Sam,yes
C0271,Sienna Williams,customer0271@example.com,14/4/2026,Appointment history,Sarah,yes
C0272,Sofia Williams,customer0272@example.com,14/4/2026,Appointment history,Sam,yes
C0273,Noah Williams,customer0273@example.com,15/4/2026,Appointment history,Sam,yes
C0274,Oliver Williams,customer0274@example.com,14/4/2026,Appointment history,Sam,yes
C0275,Jack Williams,customer0275@example.com,13/4/2026,Appointment history,Sarah,yes
C0276,Henry Williams,customer0276@example.com,17/4/2026,Appointment history,Matthew,yes
C0277,Leo Williams,customer0277@example.com,14/4/2026,Appointment history,Sarah,yes
C0278,Liam Williams,customer0278@example.com,15/4/2026,Appointment history,Sarah,yes
C0279,Lucas Williams,customer0279@example.com,14/4/2026,Appointment history,Matthew,yes
C0280,William Williams,customer0280@example.com,15/4/2026,Appointment history,Sam,yes
C0281,James Williams,customer0281@example.com,21/4/2026,Appointment history,Matthew,yes
C0282,Ethan Williams,customer0282@example.com,22/4/2026,Appointment history,Matthew,yes
C0283,Aria Williams,customer0283@example.com,24/4/2026,Appointment history,Sarah,yes
C0284,Layla Williams,customer0284@example.com,21/4/2026,Appointment history,Matthew,yes
C0285,Harper Williams,customer0285@example.com,21/4/2026,Appointment history,Sam,yes
C0286,Alice Williams,customer0286@example.com,20/4/2026,Appointment history,Matthew,yes
C0287,Ivy Williams,customer0287@example.com,21/4/2026,Appointment history,Matthew,yes
C0288,Willow Williams,customer0288@example.com,21/4/2026,Appointment history,Matthew,yes
C0289,Olivia Lee,customer0289@example.com,20/4/2026,Appointment history,Sarah,yes
C0290,Amelia Lee,customer0290@example.com,20/4/2026,Appointment history,Sarah,yes
C0291,Charlotte Lee,customer0291@example.com,21/4/2026,Appointment history,Sarah,yes
C0292,Isla Lee,customer0292@example.com,21/4/2026,Appointment history,Matthew,yes
C0293,Mia Lee,customer0293@example.com,24/4/2026,Appointment history,Sam,yes
C0294,Ava Lee,customer0294@example.com,22/4/2026,Appointment history,Sam,yes
C0295,Grace Lee,customer0295@example.com,21/4/2026,Appointment history,Sarah,yes
C0296,Chloe Lee,customer0296@example.com,21/4/2026,Appointment history,Sarah,yes
C0297,Zoe Lee,customer0297@example.com,24/4/2026,Appointment history,Matthew,yes
C0298,Lily Lee,customer0298@example.com,21/4/2026,Appointment history,Sam,yes
C0299,Emily Lee,customer0299@example.com,22/4/2026,Appointment history,Matthew,yes
C0300,Sophie Lee,customer0300@example.com,22/4/2026,Appointment history,Sam,yes
C0301,Ella Lee,customer0301@example.com,27/4/2026,Appointment history,Matthew,yes
C0302,Ruby Lee,customer0302@example.com,27/4/2026,Appointment history,Sam,yes
C0303,Lucy Lee,customer0303@example.com,29/4/2026,Appointment history,Sarah,yes
C0304,Jessica Lee,customer0304@example.com,29/4/2026,Appointment history,Matthew,yes
C0305,Emma Lee,customer0305@example.com,1/5/2026,Appointment history,Sam,yes
C0306,Hannah Lee,customer0306@example.com,29/4/2026,Appointment history,Sarah,yes
C0307,Sienna Lee,customer0307@example.com,28/4/2026,Appointment history,Sarah,yes
C0308,Sofia Lee,customer0308@example.com,29/4/2026,Appointment history,Sam,yes
C0309,Noah Lee,customer0309@example.com,29/4/2026,Appointment history,Sarah,yes
C0310,Oliver Lee,customer0310@example.com,29/4/2026,Appointment history,Sarah,yes
C0311,Jack Lee,customer0311@example.com,29/4/2026,Appointment history,Sam,yes
C0312,Henry Lee,customer0312@example.com,28/4/2026,Appointment history,Sam,yes
C0313,Leo Lee,customer0313@example.com,27/4/2026,Appointment history,Matthew,yes
C0314,Liam Lee,customer0314@example.com,29/4/2026,Appointment history,Sam,yes
C0315,Lucas Lee,customer0315@example.com,27/4/2026,Appointment history,Sarah,yes
C0316,William Lee,customer0316@example.com,29/4/2026,Appointment history,Sam,yes
C0317,James Lee,customer0317@example.com,1/5/2026,Appointment history,Matthew,yes
C0318,Ethan Lee,customer0318@example.com,29/4/2026,Appointment history,Sarah,yes
C0319,Aria Lee,customer0319@example.com,1/5/2026,Appointment history,Sarah,yes
C0320,Layla Lee,customer0320@example.com,29/4/2026,Appointment history,Sarah,yes
C0321,Harper Lee,customer0321@example.com,29/4/2026,Appointment history,Matthew,yes
C0322,Alice Lee,customer0322@example.com,1/5/2026,Appointment history,Matthew,yes
C0323,Ivy Lee,customer0323@example.com,5/5/2026,Appointment history,Matthew,yes
C0324,Willow Lee,customer0324@example.com,4/5/2026,Appointment history,Matthew,yes
C0325,Olivia Patel,customer0325@example.com,4/5/2026,Appointment history,Sam,yes
C0326,Amelia Patel,customer0326@example.com,5/5/2026,Appointment history,Sam,yes
C0327,Charlotte Patel,customer0327@example.com,6/5/2026,Appointment history,Sam,yes
C0328,Isla Patel,customer0328@example.com,5/5/2026,Appointment history,Sarah,yes
C0329,Mia Patel,customer0329@example.com,5/5/2026,Appointment history,Sarah,yes
C0330,Ava Patel,customer0330@example.com,5/5/2026,Appointment history,Matthew,yes
C0331,Grace Patel,customer0331@example.com,6/5/2026,Appointment history,Sam,yes
C0332,Chloe Patel,customer0332@example.com,4/5/2026,Appointment history,Sarah,yes
C0333,Zoe Patel,customer0333@example.com,5/5/2026,Appointment history,Matthew,yes
C0334,Lily Patel,customer0334@example.com,8/5/2026,Appointment history,Matthew,yes
C0335,Emily Patel,customer0335@example.com,4/5/2026,Appointment history,Matthew,yes
C0336,Sophie Patel,customer0336@example.com,6/5/2026,Appointment history,Matthew,yes
C0337,Ella Patel,customer0337@example.com,4/5/2026,Appointment history,Matthew,yes
C0338,Ruby Patel,customer0338@example.com,4/5/2026,Appointment history,Matthew,yes
C0339,Lucy Patel,customer0339@example.com,4/5/2026,Appointment history,Sam,yes
C0340,Jessica Patel,customer0340@example.com,6/5/2026,Appointment history,Matthew,yes
C0341,Emma Patel,customer0341@example.com,5/5/2026,Appointment history,Sam,yes
C0342,Hannah Patel,customer0342@example.com,11/5/2026,Appointment history,Sarah,yes
C0343,Sienna Patel,customer0343@example.com,11/5/2026,Appointment history,Matthew,yes
C0344,Sofia Patel,customer0344@example.com,13/5/2026,Appointment history,Sarah,yes
C0345,Noah Patel,customer0345@example.com,13/5/2026,Appointment history,Sam,yes
C0346,Oliver Patel,customer0346@example.com,12/5/2026,Appointment history,Sam,yes
C0347,Jack Patel,customer0347@example.com,12/5/2026,Appointment history,Matthew,yes
C0348,Henry Patel,customer0348@example.com,15/5/2026,Appointment history,Sam,yes
C0349,Leo Patel,customer0349@example.com,13/5/2026,Appointment history,Matthew,yes
C0350,Liam Patel,customer0350@example.com,13/5/2026,Appointment history,Matthew,yes
C0351,Lucas Patel,customer0351@example.com,13/5/2026,Appointment history,Matthew,yes
C0352,William Patel,customer0352@example.com,15/5/2026,Appointment history,Sarah,yes
C0353,James Patel,customer0353@example.com,12/5/2026,Appointment history,Sarah,yes
C0354,Ethan Patel,customer0354@example.com,11/5/2026,Appointment history,Matthew,yes
C0355,Aria Patel,customer0355@example.com,12/5/2026,Appointment history,Sarah,yes
C0356,Layla Patel,customer0356@example.com,13/5/2026,Appointment history,Sam,yes
C0357,Harper Patel,customer0357@example.com,12/5/2026,Appointment history,Sarah,yes
C0358,Alice Patel,customer0358@example.com,13/5/2026,Appointment history,Sarah,yes
C0359,Ivy Patel,customer0359@example.com,11/5/2026,Appointment history,Sarah,yes
C0360,Willow Patel,customer0360@example.com,11/5/2026,Appointment history,Sam,yes
C0361,Olivia Martin,customer0361@example.com,20/5/2026,Appointment history,Sam,yes
C0362,Amelia Martin,customer0362@example.com,19/5/2026,Appointment history,Matthew,yes
C0363,Charlotte Martin,customer0363@example.com,20/5/2026,Appointment history,Sam,yes
C0364,Isla Martin,customer0364@example.com,19/5/2026,Appointment history,Sam,yes
C0365,Mia Martin,customer0365@example.com,18/5/2026,Appointment history,Sam,yes
C0366,Ava Martin,customer0366@example.com,19/5/2026,Appointment history,Sam,yes
C0367,Grace Martin,customer0367@example.com,22/5/2026,Appointment history,Matthew,yes
C0368,Chloe Martin,customer0368@example.com,19/5/2026,Appointment history,Sarah,yes
C0369,Zoe Martin,customer0369@example.com,22/5/2026,Appointment history,Matthew,yes
C0370,Lily Martin,customer0370@example.com,18/5/2026,Appointment history,Sam,yes
C0371,Emily Martin,customer0371@example.com,19/5/2026,Appointment history,Matthew,yes
C0372,Sophie Martin,customer0372@example.com,18/5/2026,Appointment history,Sarah,yes
C0373,Ella Martin,customer0373@example.com,19/5/2026,Appointment history,Sam,yes
C0374,Ruby Martin,customer0374@example.com,19/5/2026,Appointment history,Matthew,yes
C0375,Lucy Martin,customer0375@example.com,18/5/2026,Appointment history,Matthew,yes
C0376,Jessica Martin,customer0376@example.com,19/5/2026,Appointment history,Sarah,yes
C0377,Emma Martin,customer0377@example.com,20/5/2026,Appointment history,Sarah,yes
C0378,Hannah Martin,customer0378@example.com,22/5/2026,Appointment history,Sarah,yes
C0379,Sienna Martin,customer0379@example.com,26/5/2026,Appointment history,Sarah,yes
C0380,Sofia Martin,customer0380@example.com,27/5/2026,Appointment history,Sarah,yes
C0381,Noah Martin,customer0381@example.com,27/5/2026,Appointment history,Matthew,yes
C0382,Oliver Martin,customer0382@example.com,25/5/2026,Appointment history,Sarah,yes
C0383,Jack Martin,customer0383@example.com,26/5/2026,Appointment history,Matthew,yes
C0384,Henry Martin,customer0384@example.com,26/5/2026,Appointment history,Sarah,yes
C0385,Leo Martin,customer0385@example.com,26/5/2026,Appointment history,Sam,yes
C0386,Liam Martin,customer0386@example.com,25/5/2026,Appointment history,Sam,yes
C0387,Lucas Martin,customer0387@example.com,27/5/2026,Appointment history,Sarah,yes
C0388,William Martin,customer0388@example.com,25/5/2026,Appointment history,Matthew,yes
C0389,James Martin,customer0389@example.com,26/5/2026,Appointment history,Sam,yes
C0390,Ethan Martin,customer0390@example.com,26/5/2026,Appointment history,Sarah,yes
C0391,Aria Martin,customer0391@example.com,27/5/2026,Appointment history,Sam,yes
C0392,Layla Martin,customer0392@example.com,29/5/2026,Appointment history,Matthew,yes
C0393,Harper Martin,customer0393@example.com,25/5/2026,Appointment history,Matthew,yes
C0394,Alice Martin,customer0394@example.com,25/5/2026,Appointment history,Sarah,yes
C0395,Ivy Martin,customer0395@example.com,26/5/2026,Appointment history,Sam,yes
C0396,Willow Martin,customer0396@example.com,27/5/2026,Appointment history,Sarah,yes
C0397,Olivia Thompson,customer0397@example.com,27/5/2026,Appointment history,Sarah,yes
C0398,Amelia Thompson,customer0398@example.com,27/5/2026,Appointment history,Sam,yes
C0399,Charlotte Thompson,customer0399@example.com,3/6/2026,Appointment history,Matthew,yes
C0400,Isla Thompson,customer0400@example.com,5/6/2026,Appointment history,Sam,yes
C0401,Mia Thompson,customer0401@example.com,2/6/2026,Appointment history,Sarah,yes
C0402,Ava Thompson,customer0402@example.com,2/6/2026,Appointment history,Sam,yes
C0403,Grace Thompson,customer0403@example.com,2/6/2026,Appointment history,Matthew,yes
C0404,Chloe Thompson,customer0404@example.com,2/6/2026,Appointment history,Sam,yes
C0405,Zoe Thompson,customer0405@example.com,2/6/2026,Appointment history,Sarah,yes
C0406,Lily Thompson,customer0406@example.com,5/6/2026,Appointment history,Sam,yes
C0407,Emily Thompson,customer0407@example.com,3/6/2026,Appointment history,Sam,yes
C0408,Sophie Thompson,customer0408@example.com,3/6/2026,Appointment history,Matthew,yes
C0409,Ella Thompson,customer0409@example.com,2/6/2026,Appointment history,Sarah,yes
C0410,Ruby Thompson,customer0410@example.com,1/6/2026,Appointment history,Sam,yes
C0411,Lucy Thompson,customer0411@example.com,1/6/2026,Appointment history,Matthew,yes
C0412,Jessica Thompson,customer0412@example.com,3/6/2026,Appointment history,Matthew,yes
C0413,Emma Thompson,customer0413@example.com,3/6/2026,Appointment history,Matthew,yes
C0414,Hannah Thompson,customer0414@example.com,2/6/2026,Appointment history,Sarah,yes
C0415,Sienna Thompson,customer0415@example.com,2/6/2026,Appointment history,Sarah,yes
C0416,Sofia Thompson,customer0416@example.com,3/6/2026,Appointment history,Matthew,yes
C0417,Noah Thompson,customer0417@example.com,2/6/2026,Appointment history,Sarah,yes
C0418,Oliver Thompson,customer0418@example.com,5/6/2026,Appointment history,Matthew,yes
C0419,Jack Thompson,customer0419@example.com,8/6/2026,Appointment history,Matthew,yes
C0420,Henry Thompson,customer0420@example.com,8/6/2026,Appointment history,Sam,yes
C0421,Leo Thompson,customer0421@example.com,8/6/2026,Appointment history,Matthew,yes
C0422,Liam Thompson,customer0422@example.com,10/6/2026,Appointment history,Matthew,yes
C0423,Lucas Thompson,customer0423@example.com,9/6/2026,Appointment history,Sam,yes
C0424,William Thompson,customer0424@example.com,10/6/2026,Appointment history,Sam,yes
C0425,James Thompson,customer0425@example.com,10/6/2026,Appointment history,Matthew,yes
C0426,Ethan Thompson,customer0426@example.com,9/6/2026,Appointment history,Matthew,yes
C0427,Aria Thompson,customer0427@example.com,10/6/2026,Appointment history,Sarah,yes
C0428,Layla Thompson,customer0428@example.com,10/6/2026,Appointment history,Sarah,yes
C0429,Harper Thompson,customer0429@example.com,9/6/2026,Appointment history,Sam,yes
C0430,Alice Thompson,customer0430@example.com,8/6/2026,Appointment history,Sarah,yes
C0431,Ivy Thompson,customer0431@example.com,10/6/2026,Appointment history,Sarah,yes
C0432,Willow Thompson,customer0432@example.com,12/6/2026,Appointment history,Matthew,yes
C0433,Olivia Anderson,customer0433@example.com,10/6/2026,Appointment history,Matthew,yes
C0434,Amelia Anderson,customer0434@example.com,10/6/2026,Appointment history,Sarah,yes
C0435,Charlotte Anderson,customer0435@example.com,9/6/2026,Appointment history,Sarah,yes
C0436,Isla Anderson,customer0436@example.com,8/6/2026,Appointment history,Sarah,yes
C0437,Mia Anderson,customer0437@example.com,12/6/2026,Appointment history,Sam,yes
C0438,Ava Anderson,customer0438@example.com,17/6/2026,Appointment history,Sarah,yes
C0439,Grace Anderson,customer0439@example.com,15/6/2026,Appointment history,Sarah,yes
C0440,Chloe Anderson,customer0440@example.com,16/6/2026,Appointment history,Matthew,yes
C0441,Zoe Anderson,customer0441@example.com,17/6/2026,Appointment history,Matthew,yes
C0442,Lily Anderson,customer0442@example.com,19/6/2026,Appointment history,Matthew,yes
C0443,Emily Anderson,customer0443@example.com,17/6/2026,Appointment history,Matthew,yes
C0444,Sophie Anderson,customer0444@example.com,16/6/2026,Appointment history,Sam,yes
C0445,Ella Anderson,customer0445@example.com,17/6/2026,Appointment history,Matthew,yes
C0446,Ruby Anderson,customer0446@example.com,16/6/2026,Appointment history,Matthew,yes
C0447,Lucy Anderson,customer0447@example.com,16/6/2026,Appointment history,Sam,yes
C0448,Jessica Anderson,customer0448@example.com,15/6/2026,Appointment history,Sarah,yes
C0449,Emma Anderson,customer0449@example.com,17/6/2026,Appointment history,Sarah,yes
C0450,Hannah Anderson,customer0450@example.com,17/6/2026,Appointment history,Matthew,yes
C0451,Sienna Anderson,customer0451@example.com,19/6/2026,Appointment history,Sarah,yes
C0452,Sofia Anderson,customer0452@example.com,17/6/2026,Appointment history,Sam,yes
C0453,Noah Anderson,customer0453@example.com,17/6/2026,Appointment history,Matthew,yes
C0454,Oliver Anderson,customer0454@example.com,17/6/2026,Appointment history,Sam,yes
C0455,Jack Anderson,customer0455@example.com,16/6/2026,Appointment history,Matthew,yes
C0456,Henry Anderson,customer0456@example.com,17/6/2026,Appointment history,Matthew,yes
C0457,Leo Anderson,customer0457@example.com,16/6/2026,Appointment history,Matthew,yes
C0458,Liam Anderson,customer0458@example.com,19/6/2026,Appointment history,Matthew,yes
C0459,Lucas Anderson,customer0459@example.com,22/6/2026,Appointment history,Sam,yes
C0460,William Anderson,customer0460@example.com,23/6/2026,Appointment history,Sarah,yes
C0461,James Anderson,customer0461@example.com,26/6/2026,Appointment history,Sam,yes
C0462,Ethan Anderson,customer0462@example.com,23/6/2026,Appointment history,Sarah,yes
C0463,Aria Anderson,customer0463@example.com,26/6/2026,Appointment history,Sarah,yes
C0464,Layla Anderson,customer0464@example.com,22/6/2026,Appointment history,Matthew,yes
C0465,Harper Anderson,customer0465@example.com,24/6/2026,Appointment history,Matthew,yes
C0466,Alice Anderson,customer0466@example.com,23/6/2026,Appointment history,Sarah,yes
C0467,Ivy Anderson,customer0467@example.com,22/6/2026,Appointment history,Matthew,yes
C0468,Willow Anderson,customer0468@example.com,23/6/2026,Appointment history,Sarah,yes
C0469,Olivia Walker,customer0469@example.com,24/6/2026,Appointment history,Sam,yes
C0470,Amelia Walker,customer0470@example.com,22/6/2026,Appointment history,Sarah,yes
C0471,Charlotte Walker,customer0471@example.com,24/6/2026,Appointment history,Sarah,yes
C0472,Isla Walker,customer0472@example.com,24/6/2026,Appointment history,Sarah,yes
C0473,Mia Walker,customer0473@example.com,23/6/2026,Appointment history,Sarah,yes
C0474,Ava Walker,customer0474@example.com,23/6/2026,Appointment history,Sarah,yes
C0475,Grace Walker,customer0475@example.com,24/6/2026,Appointment history,Sam,yes
C0476,Chloe Walker,customer0476@example.com,26/6/2026,Appointment history,Matthew,yes
C0477,Zoe Walker,customer0477@example.com,23/6/2026,Appointment history,Sam,yes
C0478,Lily Walker,customer0478@example.com,30/6/2026,Appointment history,Sam,yes
C0479,Emily Walker,customer0479@example.com,30/6/2026,Appointment history,Sarah,yes
C0480,Sophie Walker,customer0480@example.com,29/6/2026,Appointment history,Matthew,yes
C0481,Ella Walker,customer0481@example.com,30/6/2026,Appointment history,Sarah,yes
C0482,Ruby Walker,customer0482@example.com,29/6/2026,Appointment history,Sarah,yes
C0483,Lucy Walker,customer0483@example.com,3/7/2026,Appointment history,Sam,yes
C0484,Jessica Walker,customer0484@example.com,29/6/2026,Appointment history,Matthew,yes
C0485,Emma Walker,customer0485@example.com,30/6/2026,Appointment history,Matthew,yes
C0486,Hannah Walker,customer0486@example.com,30/6/2026,Appointment history,Sam,yes
C0487,Sienna Walker,customer0487@example.com,30/6/2026,Appointment history,Matthew,yes
C0488,Sofia Walker,customer0488@example.com,30/6/2026,Appointment history,Sarah,yes
C0489,Noah Walker,customer0489@example.com,30/6/2026,Appointment history,Matthew,yes
C0490,Oliver Walker,customer0490@example.com,30/6/2026,Appointment history,Sam,yes
C0491,Jack Walker,customer0491@example.com,30/6/2026,Appointment history,Sam,yes
C0492,Henry Walker,customer0492@example.com,29/6/2026,Appointment history,Sarah,yes
C0493,Leo Walker,customer0493@example.com,3/7/2026,Appointment history,Matthew,yes
C0494,Liam Walker,customer0494@example.com,7/7/2026,Appointment history,Sam,yes
C0495,Lucas Walker,customer0495@example.com,7/7/2026,Appointment history,Matthew,yes
C0496,William Walker,customer0496@example.com,7/7/2026,Appointment history,Sarah,yes
C0497,James Walker,customer0497@example.com,7/7/2026,Appointment history,Sam,yes
C0498,Ethan Walker,customer0498@example.com,6/7/2026,Appointment history,Sam,yes
C0499,Aria Walker,customer0499@example.com,7/7/2026,Appointment history,Sam,yes
C0500,Layla Walker,customer0500@example.com,8/7/2026,Appointment history,Matthew,yes
C0501,Harper Walker,customer0501@example.com,10/7/2026,Appointment history,Sam,yes
C0502,Alice Walker,customer0502@example.com,8/7/2026,Appointment history,Sam,yes
C0503,Ivy Walker,customer0503@example.com,7/7/2026,Appointment history,Matthew,yes
C0504,Willow Walker,customer0504@example.com,7/7/2026,Appointment history,Matthew,yes
C0505,Olivia Thomas,customer0505@example.com,7/7/2026,Appointment history,Sarah,yes
C0506,Amelia Thomas,customer0506@example.com,7/7/2026,Appointment history,Sarah,yes
C0507,Charlotte Thomas,customer0507@example.com,7/7/2026,Appointment history,Matthew,yes
C0508,Isla Thomas,customer0508@example.com,7/7/2026,Appointment history,Sarah,yes
C0509,Mia Thomas,customer0509@example.com,10/7/2026,Appointment history,Sam,yes
C0510,Ava Thomas,customer0510@example.com,10/7/2026,Appointment history,Matthew,yes
C0511,Grace Thomas,customer0511@example.com,14/7/2026,Appointment history,Sam,yes
C0512,Chloe Thomas,customer0512@example.com,14/7/2026,Appointment history,Sarah,yes
C0513,Zoe Thomas,customer0513@example.com,13/7/2026,Appointment history,Sam,yes
C0514,Lily Thomas,customer0514@example.com,15/7/2026,Appointment history,Sam,yes
C0515,Emily Thomas,customer0515@example.com,15/7/2026,Appointment history,Matthew,yes
C0516,Sophie Thomas,customer0516@example.com,13/7/2026,Appointment history,Sarah,yes
C0517,Ella Thomas,customer0517@example.com,14/7/2026,Appointment history,Sam,yes
C0518,Ruby Thomas,customer0518@example.com,15/7/2026,Appointment history,Sam,yes
C0519,Lucy Thomas,customer0519@example.com,17/7/2026,Appointment history,Sarah,yes
C0520,Jessica Thomas,customer0520@example.com,13/7/2026,Appointment history,Sam,yes
C0521,Emma Thomas,customer0521@example.com,15/7/2026,Appointment history,Sarah,yes
C0522,Hannah Thomas,customer0522@example.com,13/7/2026,Appointment history,Sarah,yes
C0523,Sienna Thomas,customer0523@example.com,13/7/2026,Appointment history,Sam,yes
C0524,Sofia Thomas,customer0524@example.com,15/7/2026,Appointment history,Sam,yes
C0525,Noah Thomas,customer0525@example.com,14/7/2026,Appointment history,Matthew,yes
C0526,Oliver Thomas,customer0526@example.com,17/7/2026,Appointment history,Matthew,yes
C0527,Jack Thomas,customer0527@example.com,14/7/2026,Appointment history,Sarah,yes
C0528,Henry Thomas,customer0528@example.com,15/7/2026,Appointment history,Matthew,yes
C0529,Leo Thomas,customer0529@example.com,14/7/2026,Appointment history,Sam,yes
C0530,Liam Thomas,customer0530@example.com,14/7/2026,Appointment history,Sam,yes
C0531,Lucas Thomas,customer0531@example.com,24/7/2026,Appointment history,Sarah,yes
C0532,William Thomas,customer0532@example.com,22/7/2026,Appointment history,Matthew,yes
C0533,James Thomas,customer0533@example.com,22/7/2026,Appointment history,Sam,yes
C0534,Ethan Thomas,customer0534@example.com,24/7/2026,Appointment history,Matthew,yes
C0535,Aria Thomas,customer0535@example.com,22/7/2026,Appointment history,Matthew,yes
C0536,Layla Thomas,customer0536@example.com,22/7/2026,Appointment history,Sarah,yes
C0537,Harper Thomas,customer0537@example.com,24/7/2026,Appointment history,Sam,yes
C0538,Alice Thomas,customer0538@example.com,20/7/2026,Appointment history,Matthew,yes
C0539,Ivy Thomas,customer0539@example.com,22/7/2026,Appointment history,Sam,yes
C0540,Willow Thomas,customer0540@example.com,22/7/2026,Appointment history,Matthew,yes
C0541,Olivia White,customer0541@example.com,20/7/2026,Appointment history,Sam,yes
C0542,Amelia White,customer0542@example.com,20/7/2026,Appointment history,Sam,yes
C0543,Charlotte White,customer0543@example.com,21/7/2026,Appointment history,Matthew,yes
C0544,Isla White,customer0544@example.com,21/7/2026,Appointment history,Matthew,yes
C0545,Mia White,customer0545@example.com,24/7/2026,Appointment history,Matthew,yes
C0546,Ava White,customer0546@example.com,22/7/2026,Appointment history,Matthew,yes
C0547,Grace White,customer0547@example.com,21/7/2026,Appointment history,Sarah,yes
C0548,Chloe White,customer0548@example.com,22/7/2026,Appointment history,Sam,yes
C0549,Zoe White,customer0549@example.com,20/7/2026,Appointment history,Sarah,yes
C0550,Lily White,customer0550@example.com,24/7/2026,Appointment history,Matthew,yes
C0551,Emily White,customer0551@example.com,28/7/2026,Appointment history,Matthew,yes
C0552,Sophie White,customer0552@example.com,28/7/2026,Appointment history,Sam,yes
C0553,Ella White,customer0553@example.com,31/7/2026,Appointment history,Sam,yes
C0554,Ruby White,customer0554@example.com,28/7/2026,Appointment history,Sarah,yes
C0555,Lucy White,customer0555@example.com,27/7/2026,Appointment history,Matthew,yes
C0556,Jessica White,customer0556@example.com,29/7/2026,Appointment history,Matthew,yes
C0557,Emma White,customer0557@example.com,27/7/2026,Appointment history,Sarah,yes
C0558,Hannah White,customer0558@example.com,27/7/2026,Appointment history,Sarah,yes
C0559,Sienna White,customer0559@example.com,28/7/2026,Appointment history,Matthew,yes
C0560,Sofia White,customer0560@example.com,27/7/2026,Appointment history,Sarah,yes
C0561,Noah White,customer0561@example.com,29/7/2026,Appointment history,Sam,yes
C0562,Oliver White,customer0562@example.com,29/7/2026,Appointment history,Sarah,yes
C0563,Jack White,customer0563@example.com,28/7/2026,Appointment history,Sarah,yes
C0564,Henry White,customer0564@example.com,29/7/2026,Appointment history,Matthew,yes
C0565,Leo White,customer0565@example.com,28/7/2026,Appointment history,Matthew,yes
C0566,Liam White,customer0566@example.com,28/7/2026,Appointment history,Sam,yes
C0567,Lucas White,customer0567@example.com,28/7/2026,Appointment history,Sarah,yes
C0568,William White,customer0568@example.com,29/7/2026,Appointment history,Sarah,yes
C0569,James White,customer0569@example.com,27/7/2026,Appointment history,Sarah,yes
C0570,Ethan White,customer0570@example.com,4/8/2026,Appointment history,Matthew,yes
C0571,Aria White,customer0571@example.com,4/8/2026,Appointment history,Sarah,yes
C0572,Layla White,customer0572@example.com,3/8/2026,Appointment history,Matthew,yes
C0573,Harper White,customer0573@example.com,4/8/2026,Appointment history,Sarah,yes
C0574,Alice White,customer0574@example.com,7/8/2026,Appointment history,Matthew,yes
C0575,Ivy White,customer0575@example.com,4/8/2026,Appointment history,Matthew,yes
C0576,Willow White,customer0576@example.com,4/8/2026,Appointment history,Matthew,yes
C0577,Olivia Harris,customer0577@example.com,7/8/2026,Appointment history,Matthew,yes
C0578,Amelia Harris,customer0578@example.com,3/8/2026,Appointment history,Matthew,yes
C0579,Charlotte Harris,customer0579@example.com,3/8/2026,Appointment history,Sam,yes
C0580,Isla Harris,customer0580@example.com,5/8/2026,Appointment history,Sam,yes
C0581,Mia Harris,customer0581@example.com,3/8/2026,Appointment history,Sam,yes
C0582,Ava Harris,customer0582@example.com,4/8/2026,Appointment history,Matthew,yes
C0583,Grace Harris,customer0583@example.com,7/8/2026,Appointment history,Sarah,yes
C0584,Chloe Harris,customer0584@example.com,4/8/2026,Appointment history,Sam,yes
C0585,Zoe Harris,customer0585@example.com,4/8/2026,Appointment history,Sam,yes
C0586,Lily Harris,customer0586@example.com,3/8/2026,Appointment history,Matthew,yes
C0587,Emily Harris,customer0587@example.com,5/8/2026,Appointment history,Sarah,yes
C0588,Sophie Harris,customer0588@example.com,5/8/2026,Appointment history,Matthew,yes
C0589,Ella Harris,customer0589@example.com,4/8/2026,Appointment history,Sarah,yes
C0590,Ruby Harris,customer0590@example.com,13/8/2026,Appointment history,Matthew,yes
C0591,Lucy Harris,customer0591@example.com,12/8/2026,Appointment history,Sam,yes
C0592,Jessica Harris,customer0592@example.com,11/8/2026,Appointment history,Sam,yes
C0593,Emma Harris,customer0593@example.com,14/8/2026,Appointment history,Sarah,yes
C0594,Hannah Harris,customer0594@example.com,13/8/2026,Appointment history,Sam,yes
C0595,Sienna Harris,customer0595@example.com,14/8/2026,Appointment history,Sarah,yes
C0596,Sofia Harris,customer0596@example.com,12/8/2026,Appointment history,Sam,yes
C0597,Noah Harris,customer0597@example.com,10/8/2026,Appointment history,Sarah,yes
C0598,Oliver Harris,customer0598@example.com,11/8/2026,Appointment history,Matthew,yes
C0599,Jack Harris,customer0599@example.com,13/8/2026,Appointment history,Sam,yes
C0600,Henry Harris,customer0600@example.com,11/8/2026,Appointment history,Matthew,yes
C0601,Leo Harris,customer0601@example.com,12/8/2026,Appointment history,Sam,yes
C0602,Liam Harris,customer0602@example.com,11/8/2026,Appointment history,Sam,yes
C0603,Lucas Harris,customer0603@example.com,10/8/2026,Appointment history,Sam,yes
C0604,William Harris,customer0604@example.com,11/8/2026,Appointment history,Sam,yes
C0605,James Harris,customer0605@example.com,12/8/2026,Appointment history,Sarah,yes
C0606,Ethan Harris,customer0606@example.com,13/8/2026,Appointment history,Matthew,yes
C0607,Aria Harris,customer0607@example.com,12/8/2026,Appointment history,Sarah,yes
C0608,Layla Harris,customer0608@example.com,14/8/2026,Appointment history,Matthew,yes
C0609,Harper Harris,customer0609@example.com,12/8/2026,Appointment history,Sam,yes
C0610,Alice Harris,customer0610@example.com,12/8/2026,Appointment history,Matthew,yes
C0611,Ivy Harris,customer0611@example.com,13/8/2026,Appointment history,Sam,yes
C0612,Willow Harris,customer0612@example.com,11/8/2026,Appointment history,Sam,yes
C0613,Olivia Tran,customer0613@example.com,19/8/2026,Appointment history,Sam,yes
C0614,Amelia Tran,customer0614@example.com,17/8/2026,Appointment history,Sarah,yes
C0615,Charlotte Tran,customer0615@example.com,19/8/2026,Appointment history,Matthew,yes
C0616,Isla Tran,customer0616@example.com,20/8/2026,Appointment history,Sarah,yes
C0617,Mia Tran,customer0617@example.com,18/8/2026,Appointment history,Sarah,yes
C0618,Ava Tran,customer0618@example.com,18/8/2026,Appointment history,Sam,yes
C0619,Grace Tran,customer0619@example.com,19/8/2026,Appointment history,Sam,yes
C0620,Chloe Tran,customer0620@example.com,18/8/2026,Appointment history,Matthew,yes
C0621,Zoe Tran,customer0621@example.com,19/8/2026,Appointment history,Matthew,yes
C0622,Lily Tran,customer0622@example.com,19/8/2026,Appointment history,Sarah,yes
C0623,Emily Tran,customer0623@example.com,19/8/2026,Appointment history,Sam,yes
C0624,Sophie Tran,customer0624@example.com,17/8/2026,Appointment history,Sam,yes
C0625,Ella Tran,customer0625@example.com,20/8/2026,Appointment history,Matthew,yes
C0626,Ruby Tran,customer0626@example.com,20/8/2026,Appointment history,Sam,yes
C0627,Lucy Tran,customer0627@example.com,17/8/2026,Appointment history,Sarah,yes
C0628,Jessica Tran,customer0628@example.com,18/8/2026,Appointment history,Sarah,yes
C0629,Emma Tran,customer0629@example.com,19/8/2026,Appointment history,Sam,yes
C0630,Hannah Tran,customer0630@example.com,21/8/2026,Appointment history,Sam,yes
C0631,Sienna Tran,customer0631@example.com,18/8/2026,Appointment history,Sarah,yes
C0632,Sofia Tran,customer0632@example.com,18/8/2026,Appointment history,Sam,yes
C0633,Noah Tran,customer0633@example.com,18/8/2026,Appointment history,Sam,yes
C0634,Oliver Tran,customer0634@example.com,19/8/2026,Appointment history,Sam,yes
C0635,Jack Tran,customer0635@example.com,21/8/2026,Appointment history,Matthew,yes
C0636,Henry Tran,customer0636@example.com,19/8/2026,Appointment history,Sam,yes
C0637,Leo Tran,customer0637@example.com,17/8/2026,Appointment history,Sam,yes
C0638,Liam Tran,customer0638@example.com,27/8/2026,Appointment history,Sam,yes
C0639,Lucas Tran,customer0639@example.com,27/8/2026,Appointment history,Sarah,yes
C0640,William Tran,customer0640@example.com,26/8/2026,Appointment history,Sam,yes
C0641,James Tran,customer0641@example.com,25/8/2026,Appointment history,Matthew,yes
C0642,Ethan Tran,customer0642@example.com,27/8/2026,Appointment history,Sam,yes
C0643,Aria Tran,customer0643@example.com,26/8/2026,Appointment history,Sarah,yes
C0644,Layla Tran,customer0644@example.com,26/8/2026,Appointment history,Matthew,yes
C0645,Harper Tran,customer0645@example.com,28/8/2026,Appointment history,Sam,yes
C0646,Alice Tran,customer0646@example.com,26/8/2026,Appointment history,Sarah,yes
C0647,Ivy Tran,customer0647@example.com,24/8/2026,Appointment history,Matthew,yes
C0648,Willow Tran,customer0648@example.com,27/8/2026,Appointment history,Matthew,yes
C0649,Olivia Clark,customer0649@example.com,26/8/2026,Appointment history,Sarah,yes
C0650,Amelia Clark,customer0650@example.com,25/8/2026,Appointment history,Sarah,yes
C0651,Charlotte Clark,customer0651@example.com,26/8/2026,Appointment history,Matthew,yes
C0652,Isla Clark,customer0652@example.com,28/8/2026,Appointment history,Sarah,yes
C0653,Mia Clark,customer0653@example.com,26/8/2026,Appointment history,Sarah,yes
C0654,Ava Clark,customer0654@example.com,26/8/2026,Appointment history,Sam,yes
C0655,Grace Clark,customer0655@example.com,24/8/2026,Appointment history,Sam,yes
C0656,Chloe Clark,customer0656@example.com,24/8/2026,Appointment history,Sarah,yes
C0657,Zoe Clark,customer0657@example.com,27/8/2026,Appointment history,Sam,yes
C0658,Lily Clark,customer0658@example.com,27/8/2026,Appointment history,Sam,yes
C0659,Emily Clark,customer0659@example.com,26/8/2026,Appointment history,Sarah,yes
C0660,Sophie Clark,customer0660@example.com,28/8/2026,Appointment history,Sam,yes
C0661,Ella Clark,customer0661@example.com,25/8/2026,Appointment history,Sarah,yes
C0662,Ruby Clark,customer0662@example.com,4/9/2026,Appointment history,Sam,yes
C0663,Lucy Clark,customer0663@example.com,2/9/2026,Appointment history,Sam,yes
C0664,Jessica Clark,customer0664@example.com,1/9/2026,Appointment history,Matthew,yes
C0665,Emma Clark,customer0665@example.com,3/9/2026,Appointment history,Sam,yes
C0666,Hannah Clark,customer0666@example.com,3/9/2026,Appointment history,Matthew,yes
C0667,Sienna Clark,customer0667@example.com,1/9/2026,Appointment history,Matthew,yes
C0668,Sofia Clark,customer0668@example.com,3/9/2026,Appointment history,Matthew,yes
C0669,Noah Clark,customer0669@example.com,2/9/2026,Appointment history,Sarah,yes
C0670,Oliver Clark,customer0670@example.com,2/9/2026,Appointment history,Matthew,yes
C0671,Jack Clark,customer0671@example.com,1/9/2026,Appointment history,Matthew,yes
C0672,Henry Clark,customer0672@example.com,1/9/2026,Appointment history,Sarah,yes
C0673,Leo Clark,customer0673@example.com,2/9/2026,Appointment history,Sarah,yes
C0674,Liam Clark,customer0674@example.com,3/9/2026,Appointment history,Sam,yes
C0675,Lucas Clark,customer0675@example.com,4/9/2026,Appointment history,Matthew,yes
C0676,William Clark,customer0676@example.com,1/9/2026,Appointment history,Sam,yes
C0677,James Clark,customer0677@example.com,31/8/2026,Appointment history,Sarah,yes
C0678,Ethan Clark,customer0678@example.com,1/9/2026,Appointment history,Sam,yes
C0679,Aria Clark,customer0679@example.com,2/9/2026,Appointment history,Sam,yes
C0680,Layla Clark,customer0680@example.com,31/8/2026,Appointment history,Matthew,yes
C0681,Harper Clark,customer0681@example.com,2/9/2026,Appointment history,Sam,yes
C0682,Alice Clark,customer0682@example.com,1/9/2026,Appointment history,Sam,yes
C0683,Ivy Clark,customer0683@example.com,3/9/2026,Appointment history,Matthew,yes
C0684,Willow Clark,customer0684@example.com,1/9/2026,Appointment history,Matthew,yes
C0685,Olivia Lewis,customer0685@example.com,4/9/2026,Appointment history,Sam,yes
C0686,Amelia Lewis,customer0686@example.com,10/9/2026,Appointment history,Matthew,yes
C0687,Charlotte Lewis,customer0687@example.com,11/9/2026,Appointment history,Matthew,yes
C0688,Isla Lewis,customer0688@example.com,10/9/2026,Appointment history,Matthew,yes
C0689,Mia Lewis,customer0689@example.com,8/9/2026,Appointment history,Matthew,yes
C0690,Ava Lewis,customer0690@example.com,11/9/2026,Appointment history,Matthew,yes
C0691,Grace Lewis,customer0691@example.com,9/9/2026,Appointment history,Matthew,yes
C0692,Chloe Lewis,customer0692@example.com,9/9/2026,Appointment history,Sam,yes
C0693,Zoe Lewis,customer0693@example.com,8/9/2026,Appointment history,Sarah,yes
C0694,Lily Lewis,customer0694@example.com,9/9/2026,Appointment history,Matthew,yes
C0695,Emily Lewis,customer0695@example.com,9/9/2026,Appointment history,Matthew,yes
C0696,Sophie Lewis,customer0696@example.com,9/9/2026,Appointment history,Sam,yes
C0697,Ella Lewis,customer0697@example.com,8/9/2026,Appointment history,Sarah,yes
C0698,Ruby Lewis,customer0698@example.com,8/9/2026,Appointment history,Sarah,yes
C0699,Lucy Lewis,customer0699@example.com,9/9/2026,Appointment history,Sam,yes
C0700,Jessica Lewis,customer0700@example.com,8/9/2026,Appointment history,Sarah,yes
C0701,Emma Lewis,customer0701@example.com,9/9/2026,Appointment history,Matthew,yes
C0702,Hannah Lewis,customer0702@example.com,7/9/2026,Appointment history,Sarah,yes
C0703,Sienna Lewis,customer0703@example.com,9/9/2026,Appointment history,Sam,yes
C0704,Sofia Lewis,customer0704@example.com,7/9/2026,Appointment history,Sam,yes
C0705,Noah Lewis,customer0705@example.com,8/9/2026,Appointment history,Sarah,yes
C0706,Oliver Lewis,customer0706@example.com,8/9/2026,Appointment history,Matthew,yes
C0707,Jack Lewis,customer0707@example.com,7/9/2026,Appointment history,Matthew,yes
C0708,Henry Lewis,customer0708@example.com,8/9/2026,Appointment history,Matthew,yes
C0709,Leo Lewis,customer0709@example.com,8/9/2026,Appointment history,Sarah,yes
C0710,Liam Lewis,customer0710@example.com,9/9/2026,Appointment history,Sarah,yes
C0711,Lucas Lewis,customer0711@example.com,8/9/2026,Appointment history,Sam,yes
C0712,William Lewis,customer0712@example.com,11/9/2026,Appointment history,Sam,yes
C0713,James Lewis,customer0713@example.com,8/9/2026,Appointment history,Sam,yes
C0714,Ethan Lewis,customer0714@example.com,8/9/2026,Appointment history,Matthew,yes
C0715,Aria Lewis,customer0715@example.com,9/9/2026,Appointment history,Matthew,yes
C0716,Layla Lewis,customer0716@example.com,8/9/2026,Appointment history,Sarah,yes
C0717,Harper Lewis,customer0717@example.com,8/9/2026,Appointment history,Sam,yes
C0718,Alice Lewis,customer0718@example.com,9/9/2026,Appointment history,Sarah,yes
C0719,Ivy Lewis,customer0719@example.com,9/9/2026,Appointment history,Sam,yes
C0720,Willow Lewis,customer0720@example.com,,Appointment history,Sarah,yes
C0721,Olivia Robinson,customer0721@example.com,,Appointment history,Sarah,yes
C0722,Amelia Robinson,customer0722@example.com,,Appointment history,Matthew,yes
C0723,Charlotte Robinson,customer0723@example.com,,Appointment history,Matthew,yes
C0724,Isla Robinson,customer0724@example.com,,Appointment history,Sam,yes
C0725,Mia Robinson,customer0725@example.com,,Appointment history,Sam,yes
C0726,Ava Robinson,customer0726@example.com,,Appointment history,Sam,yes
C0727,Grace Robinson,customer0727@example.com,,Appointment history,Matthew,yes
C0728,Chloe Robinson,customer0728@example.com,,Appointment history,Sarah,yes
C0729,Zoe Robinson,customer0729@example.com,,Appointment history,Matthew,yes
C0730,Lily Robinson,customer0730@example.com,,Appointment history,Matthew,yes
C0731,Emily Robinson,customer0731@example.com,,Appointment history,Sam,yes
C0732,Sophie Robinson,customer0732@example.com,,Appointment history,Sam,yes
C0733,Ella Robinson,customer0733@example.com,,Appointment history,Sam,yes
C0734,Ruby Robinson,customer0734@example.com,,Appointment history,Sam,yes
C0735,Lucy Robinson,customer0735@example.com,,Appointment history,Sarah,yes
C0736,Jessica Robinson,customer0736@example.com,,Appointment history,Sam,yes
C0737,Emma Robinson,customer0737@example.com,,Appointment history,Sarah,yes
C0738,Hannah Robinson,customer0738@example.com,,Appointment history,Matthew,yes
C0739,Sienna Robinson,customer0739@example.com,,Appointment history,Matthew,yes
C0740,Sofia Robinson,customer0740@example.com,,Appointment history,Matthew,yes
C0741,Noah Robinson,customer0741@example.com,,Appointment history,Matthew,yes
C0742,Oliver Robinson,customer0742@example.com,,Appointment history,Matthew,yes
C0743,Jack Robinson,customer0743@example.com,,Appointment history,Sarah,yes
