capacity_id,staff_name,work_date,week_start,shift_start,shift_end,bookable_hours
CP0001,Sarah,16/3/2026,16/3/2026,2026-03-16T09:00:00,2026-03-16T17:00:00,8
CP0002,Sarah,17/3/2026,16/3/2026,2026-03-17T09:00:00,2026-03-17T17:00:00,8
CP0003,Sarah,18/3/2026,16/3/2026,2026-03-18T09:00:00,2026-03-18T17:00:00,8
CP0004,Sarah,19/3/2026,16/3/2026,2026-03-19T09:00:00,2026-03-19T17:00:00,8
CP0005,Sarah,20/3/2026,16/3/2026,2026-03-20T09:00:00,2026-03-20T15:00:00,6
CP0006,Matthew,16/3/2026,16/3/2026,2026-03-16T09:00:00,2026-03-16T17:00:00,8
CP0007,Matthew,17/3/2026,16/3/2026,2026-03-17T09:00:00,2026-03-17T17:00:00,8
CP0008,Matthew,18/3/2026,16/3/2026,2026-03-18T09:00:00,2026-03-18T17:00:00,8
CP0009,Matthew,19/3/2026,16/3/2026,2026-03-19T09:00:00,2026-03-19T17:00:00,8
CP0010,Matthew,20/3/2026,16/3/2026,2026-03-20T09:00:00,2026-03-20T15:00:00,6
CP0011,Sam,16/3/2026,16/3/2026,2026-03-16T09:00:00,2026-03-16T17:00:00,8
CP0012,Sam,17/3/2026,16/3/2026,2026-03-17T09:00:00,2026-03-17T17:00:00,8
CP0013,Sam,18/3/2026,16/3/2026,2026-03-18T09:00:00,2026-03-18T17:00:00,8
CP0014,Sam,19/3/2026,16/3/2026,2026-03-19T09:00:00,2026-03-19T17:00:00,8
CP0015,Sam,20/3/2026,16/3/2026,2026-03-20T09:00:00,2026-03-20T15:00:00,6
CP0016,Sarah,23/3/2026,23/3/2026,2026-03-23T09:00:00,2026-03-23T17:00:00,8
CP0017,Sarah,24/3/2026,23/3/2026,2026-03-24T09:00:00,2026-03-24T17:00:00,8
CP0018,Sarah,25/3/2026,23/3/2026,2026-03-25T09:00:00,2026-03-25T17:00:00,8
CP0019,Sarah,26/3/2026,23/3/2026,2026-03-26T09:00:00,2026-03-26T17:00:00,8
CP0020,Sarah,27/3/2026,23/3/2026,2026-03-27T09:00:00,2026-03-27T15:00:00,6
CP0021,Matthew,23/3/2026,23/3/2026,2026-03-23T09:00:00,2026-03-23T17:00:00,8
CP0022,Matthew,24/3/2026,23/3/2026,2026-03-24T09:00:00,2026-03-24T17:00:00,8
CP0023,Matthew,25/3/2026,23/3/2026,2026-03-25T09:00:00,2026-03-25T17:00:00,8
CP0024,Matthew,26/3/2026,23/3/2026,2026-03-26T09:00:00,2026-03-26T17:00:00,8
CP0025,Matthew,27/3/2026,23/3/2026,2026-03-27T09:00:00,2026-03-27T15:00:00,6
CP0026,Sam,23/3/2026,23/3/2026,2026-03-23T09:00:00,2026-03-23T17:00:00,8
CP0027,Sam,24/3/2026,23/3/2026,2026-03-24T09:00:00,2026-03-24T17:00:00,8
CP0028,Sam,25/3/2026,23/3/2026,2026-03-25T09:00:00,2026-03-25T17:00:00,8
CP0029,Sam,26/3/2026,23/3/2026,2026-03-26T09:00:00,2026-03-26T17:00:00,8
CP0030,Sam,27/3/2026,23/3/2026,2026-03-27T09:00:00,2026-03-27T15:00:00,6
CP0031,Sarah,30/3/2026,30/3/2026,2026-03-30T09:00:00,2026-03-30T17:00:00,8
CP0032,Sarah,31/3/2026,30/3/2026,2026-03-31T09:00:00,2026-03-31T17:00:00,8
CP0033,Sarah,1/4/2026,30/3/2026,2026-04-01T09:00:00,2026-04-01T17:00:00,8
CP0034,Sarah,2/4/2026,30/3/2026,2026-04-02T09:00:00,2026-04-02T17:00:00,8
CP0035,Sarah,3/4/2026,30/3/2026,2026-04-03T09:00:00,2026-04-03T15:00:00,6
CP0036,Matthew,30/3/2026,30/3/2026,2026-03-30T09:00:00,2026-03-30T17:00:00,8
CP0037,Matthew,31/3/2026,30/3/2026,2026-03-31T09:00:00,2026-03-31T17:00:00,8
CP0038,Matthew,1/4/2026,30/3/2026,2026-04-01T09:00:00,2026-04-01T17:00:00,8
CP0039,Matthew,2/4/2026,30/3/2026,2026-04-02T09:00:00,2026-04-02T17:00:00,8
CP0040,Matthew,3/4/2026,30/3/2026,2026-04-03T09:00:00,2026-04-03T15:00:00,6
CP0041,Sam,30/3/2026,30/3/2026,2026-03-30T09:00:00,2026-03-30T17:00:00,8
CP0042,Sam,31/3/2026,30/3/2026,2026-03-31T09:00:00,2026-03-31T17:00:00,8
CP0043,Sam,1/4/2026,30/3/2026,2026-04-01T09:00:00,2026-04-01T17:00:00,8
CP0044,Sam,2/4/2026,30/3/2026,2026-04-02T09:00:00,2026-04-02T17:00:00,8
CP0045,Sam,3/4/2026,30/3/2026,2026-04-03T09:00:00,2026-04-03T15:00:00,6
CP0046,Sarah,6/4/2026,6/4/2026,2026-04-06T09:00:00,2026-04-06T17:00:00,8
CP0047,Sarah,7/4/2026,6/4/2026,2026-04-07T09:00:00,2026-04-07T17:00:00,8
CP0048,Sarah,8/4/2026,6/4/2026,2026-04-08T09:00:00,2026-04-08T17:00:00,8
CP0049,Sarah,9/4/2026,6/4/2026,2026-04-09T09:00:00,2026-04-09T17:00:00,8
CP0050,Sarah,10/4/2026,6/4/2026,2026-04-10T09:00:00,2026-04-10T15:00:00,6
CP0051,Matthew,6/4/2026,6/4/2026,2026-04-06T09:00:00,2026-04-06T17:00:00,8
CP0052,Matthew,7/4/2026,6/4/2026,2026-04-07T09:00:00,2026-04-07T17:00:00,8
CP0053,Matthew,8/4/2026,6/4/2026,2026-04-08T09:00:00,2026-04-08T17:00:00,8
CP0054,Matthew,9/4/2026,6/4/2026,2026-04-09T09:00:00,2026-04-09T17:00:00,8
CP0055,Matthew,10/4/2026,6/4/2026,2026-04-10T09:00:00,2026-04-10T15:00:00,6
CP0056,Sam,6/4/2026,6/4/2026,2026-04-06T09:00:00,2026-04-06T17:00:00,8
CP0057,Sam,7/4/2026,6/4/2026,2026-04-07T09:00:00,2026-04-07T17:00:00,8
CP0058,Sam,8/4/2026,6/4/2026,2026-04-08T09:00:00,2026-04-08T17:00:00,8
CP0059,Sam,9/4/2026,6/4/2026,2026-04-09T09:00:00,2026-04-09T17:00:00,8
CP0060,Sam,10/4/2026,6/4/2026,2026-04-10T09:00:00,2026-04-10T15:00:00,6
CP0061,Sarah,13/4/2026,13/4/2026,2026-04-13T09:00:00,2026-04-13T17:00:00,8
CP0062,Sarah,14/4/2026,13/4/2026,2026-04-14T09:00:00,2026-04-14T17:00:00,8
CP0063,Sarah,15/4/2026,13/4/2026,2026-04-15T09:00:00,2026-04-15T17:00:00,8
CP0064,Sarah,16/4/2026,13/4/2026,2026-04-16T09:00:00,2026-04-16T17:00:00,8
CP0065,Sarah,17/4/2026,13/4/2026,2026-04-17T09:00:00,2026-04-17T15:00:00,6
CP0066,Matthew,13/4/2026,13/4/2026,2026-04-13T09:00:00,2026-04-13T17:00:00,8
CP0067,Matthew,14/4/2026,13/4/2026,2026-04-14T09:00:00,2026-04-14T17:00:00,8
CP0068,Matthew,15/4/2026,13/4/2026,2026-04-15T09:00:00,2026-04-15T17:00:00,8
CP0069,Matthew,16/4/2026,13/4/2026,2026-04-16T09:00:00,2026-04-16T17:00:00,8
CP0070,Matthew,17/4/2026,13/4/2026,2026-04-17T09:00:00,2026-04-17T15:00:00,6
CP0071,Sam,13/4/2026,13/4/2026,2026-04-13T09:00:00,2026-04-13T17:00:00,8
CP0072,Sam,14/4/2026,13/4/2026,2026-04-14T09:00:00,2026-04-14T17:00:00,8
CP0073,Sam,15/4/2026,13/4/2026,2026-04-15T09:00:00,2026-04-15T17:00:00,8
CP0074,Sam,16/4/2026,13/4/2026,2026-04-16T09:00:00,2026-04-16T17:00:00,8
CP0075,Sam,17/4/2026,13/4/2026,2026-04-17T09:00:00,2026-04-17T15:00:00,6
CP0076,Sarah,20/4/2026,20/4/2026,2026-04-20T09:00:00,2026-04-20T17:00:00,8
CP0077,Sarah,21/4/2026,20/4/2026,2026-04-21T09:00:00,2026-04-21T17:00:00,8
CP0078,Sarah,22/4/2026,20/4/2026,2026-04-22T09:00:00,2026-04-22T17:00:00,8
CP0079,Sarah,23/4/2026,20/4/2026,2026-04-23T09:00:00,2026-04-23T17:00:00,8
CP0080,Sarah,24/4/2026,20/4/2026,2026-04-24T09:00:00,2026-04-24T15:00:00,6
CP0081,Matthew,20/4/2026,20/4/2026,2026-04-20T09:00:00,2026-04-20T17:00:00,8
CP0082,Matthew,21/4/2026,20/4/2026,2026-04-21T09:00:00,2026-04-21T17:00:00,8
CP0083,Matthew,22/4/2026,20/4/2026,2026-04-22T09:00:00,2026-04-22T17:00:00,8
CP0084,Matthew,23/4/2026,20/4/2026,2026-04-23T09:00:00,2026-04-23T17:00:00,8
CP0085,Matthew,24/4/2026,20/4/2026,2026-04-24T09:00:00,2026-04-24T15:00:00,6
CP0086,Sam,20/4/2026,20/4/2026,2026-04-20T09:00:00,2026-04-20T17:00:00,8
CP0087,Sam,21/4/2026,20/4/2026,2026-04-21T09:00:00,2026-04-21T17:00:00,8
CP0088,Sam,22/4/2026,20/4/2026,2026-04-22T09:00:00,2026-04-22T17:00:00,8
CP0089,Sam,23/4/2026,20/4/2026,2026-04-23T09:00:00,2026-04-23T17:00:00,8
CP0090,Sam,24/4/2026,20/4/2026,2026-04-24T09:00:00,2026-04-24T15:00:00,6
CP0091,Sarah,27/4/2026,27/4/2026,2026-04-27T09:00:00,2026-04-27T17:00:00,8
CP0092,Sarah,28/4/2026,27/4/2026,2026-04-28T09:00:00,2026-04-28T17:00:00,8
CP0093,Sarah,29/4/2026,27/4/2026,2026-04-29T09:00:00,2026-04-29T17:00:00,8
CP0094,Sarah,30/4/2026,27/4/2026,2026-04-30T09:00:00,2026-04-30T17:00:00,8
CP0095,Sarah,1/5/2026,27/4/2026,2026-05-01T09:00:00,2026-05-01T15:00:00,6
CP0096,Matthew,27/4/2026,27/4/2026,2026-04-27T09:00:00,2026-04-27T17:00:00,8
CP0097,Matthew,28/4/2026,27/4/2026,2026-04-28T09:00:00,2026-04-28T17:00:00,8
CP0098,Matthew,29/4/2026,27/4/2026,2026-04-29T09:00:00,2026-04-29T17:00:00,8
CP0099,Matthew,30/4/2026,27/4/2026,2026-04-30T09:00:00,2026-04-30T17:00:00,8
CP0100,Matthew,1/5/2026,27/4/2026,2026-05-01T09:00:00,2026-05-01T15:00:00,6
CP0101,Sam,27/4/2026,27/4/2026,2026-04-27T09:00:00,2026-04-27T17:00:00,8
CP0102,Sam,28/4/2026,27/4/2026,2026-04-28T09:00:00,2026-04-28T17:00:00,8
CP0103,Sam,29/4/2026,27/4/2026,2026-04-29T09:00:00,2026-04-29T17:00:00,8
CP0104,Sam,30/4/2026,27/4/2026,2026-04-30T09:00:00,2026-04-30T17:00:00,8
CP0105,Sam,1/5/2026,27/4/2026,2026-05-01T09:00:00,2026-05-01T15:00:00,6
CP0106,Sarah,4/5/2026,4/5/2026,2026-05-04T09:00:00,2026-05-04T17:00:00,8
CP0107,Sarah,5/5/2026,4/5/2026,2026-05-05T09:00:00,2026-05-05T17:00:00,8
CP0108,Sarah,6/5/2026,4/5/2026,2026-05-06T09:00:00,2026-05-06T17:00:00,8
CP0109,Sarah,7/5/2026,4/5/2026,2026-05-07T09:00:00,2026-05-07T17:00:00,8
CP0110,Sarah,8/5/2026,4/5/2026,2026-05-08T09:00:00,2026-05-08T15:00:00,6
CP0111,Matthew,4/5/2026,4/5/2026,2026-05-04T09:00:00,2026-05-04T17:00:00,8
CP0112,Matthew,5/5/2026,4/5/2026,2026-05-05T09:00:00,2026-05-05T17:00:00,8
CP0113,Matthew,6/5/2026,4/5/2026,2026-05-06T09:00:00,2026-05-06T17:00:00,8
CP0114,Matthew,7/5/2026,4/5/2026,2026-05-07T09:00:00,2026-05-07T17:00:00,8
CP0115,Matthew,8/5/2026,4/5/2026,2026-05-08T09:00:00,2026-05-08T15:00:00,6
CP0116,Sam,4/5/2026,4/5/2026,2026-05-04T09:00:00,2026-05-04T17:00:00,8
CP0117,Sam,5/5/2026,4/5/2026,2026-05-05T09:00:00,2026-05-05T17:00:00,8
CP0118,Sam,6/5/2026,4/5/2026,2026-05-06T09:00:00,2026-05-06T17:00:00,8
CP0119,Sam,7/5/2026,4/5/2026,2026-05-07T09:00:00,2026-05-07T17:00:00,8
CP0120,Sam,8/5/2026,4/5/2026,2026-05-08T09:00:00,2026-05-08T15:00:00,6
CP0121,Sarah,11/5/2026,11/5/2026,2026-05-11T09:00:00,2026-05-11T17:00:00,8
CP0122,Sarah,12/5/2026,11/5/2026,2026-05-12T09:00:00,2026-05-12T17:00:00,8
CP0123,Sarah,13/5/2026,11/5/2026,2026-05-13T09:00:00,2026-05-13T17:00:00,8
CP0124,Sarah,14/5/2026,11/5/2026,2026-05-14T09:00:00,2026-05-14T17:00:00,8
CP0125,Sarah,15/5/2026,11/5/2026,2026-05-15T09:00:00,2026-05-15T15:00:00,6
CP0126,Matthew,11/5/2026,11/5/2026,2026-05-11T09:00:00,2026-05-11T17:00:00,8
CP0127,Matthew,12/5/2026,11/5/2026,2026-05-12T09:00:00,2026-05-12T17:00:00,8
CP0128,Matthew,13/5/2026,11/5/2026,2026-05-13T09:00:00,2026-05-13T17:00:00,8
CP0129,Matthew,14/5/2026,11/5/2026,2026-05-14T09:00:00,2026-05-14T17:00:00,8
CP0130,Matthew,15/5/2026,11/5/2026,2026-05-15T09:00:00,2026-05-15T15:00:00,6
CP0131,Sam,11/5/2026,11/5/2026,2026-05-11T09:00:00,2026-05-11T17:00:00,8
CP0132,Sam,12/5/2026,11/5/2026,2026-05-12T09:00:00,2026-05-12T17:00:00,8
CP0133,Sam,13/5/2026,11/5/2026,2026-05-13T09:00:00,2026-05-13T17:00:00,8
CP0134,Sam,14/5/2026,11/5/2026,2026-05-14T09:00:00,2026-05-14T17:00:00,8
CP0135,Sam,15/5/2026,11/5/2026,2026-05-15T09:00:00,2026-05-15T15:00:00,6
CP0136,Sarah,18/5/2026,18/5/2026,2026-05-18T09:00:00,2026-05-18T17:00:00,8
CP0137,Sarah,19/5/2026,18/5/2026,2026-05-19T09:00:00,2026-05-19T17:00:00,8
CP0138,Sarah,20/5/2026,18/5/2026,2026-05-20T09:00:00,2026-05-20T17:00:00,8
CP0139,Sarah,21/5/2026,18/5/2026,2026-05-21T09:00:00,2026-05-21T17:00:00,8
CP0140,Sarah,22/5/2026,18/5/2026,2026-05-22T09:00:00,2026-05-22T15:00:00,6
CP0141,Matthew,18/5/2026,18/5/2026,2026-05-18T09:00:00,2026-05-18T17:00:00,8
CP0142,Matthew,19/5/2026,18/5/2026,2026-05-19T09:00:00,2026-05-19T17:00:00,8
CP0143,Matthew,20/5/2026,18/5/2026,2026-05-20T09:00:00,2026-05-20T17:00:00,8
CP0144,Matthew,21/5/2026,18/5/2026,2026-05-21T09:00:00,2026-05-21T17:00:00,8
CP0145,Matthew,22/5/2026,18/5/2026,2026-05-22T09:00:00,2026-05-22T15:00:00,6
CP0146,Sam,18/5/2026,18/5/2026,2026-05-18T09:00:00,2026-05-18T17:00:00,8
CP0147,Sam,19/5/2026,18/5/2026,2026-05-19T09:00:00,2026-05-19T17:00:00,8
CP0148,Sam,20/5/2026,18/5/2026,2026-05-20T09:00:00,2026-05-20T17:00:00,8
CP0149,Sam,21/5/2026,18/5/2026,2026-05-21T09:00:00,2026-05-21T17:00:00,8
CP0150,Sam,22/5/2026,18/5/2026,2026-05-22T09:00:00,2026-05-22T15:00:00,6
CP0151,Sarah,25/5/2026,25/5/2026,2026-05-25T09:00:00,2026-05-25T17:00:00,8
CP0152,Sarah,26/5/2026,25/5/2026,2026-05-26T09:00:00,2026-05-26T17:00:00,8
CP0153,Sarah,27/5/2026,25/5/2026,2026-05-27T09:00:00,2026-05-27T17:00:00,8
CP0154,Sarah,28/5/2026,25/5/2026,2026-05-28T09:00:00,2026-05-28T17:00:00,8
CP0155,Sarah,29/5/2026,25/5/2026,2026-05-29T09:00:00,2026-05-29T15:00:00,6
CP0156,Matthew,25/5/2026,25/5/2026,2026-05-25T09:00:00,2026-05-25T17:00:00,8
CP0157,Matthew,26/5/2026,25/5/2026,2026-05-26T09:00:00,2026-05-26T17:00:00,8
CP0158,Matthew,27/5/2026,25/5/2026,2026-05-27T09:00:00,2026-05-27T17:00:00,8
CP0159,Matthew,28/5/2026,25/5/2026,2026-05-28T09:00:00,2026-05-28T17:00:00,8
CP0160,Matthew,29/5/2026,25/5/2026,2026-05-29T09:00:00,2026-05-29T15:00:00,6
CP0161,Sam,25/5/2026,25/5/2026,2026-05-25T09:00:00,2026-05-25T17:00:00,8
CP0162,Sam,26/5/2026,25/5/2026,2026-05-26T09:00:00,2026-05-26T17:00:00,8
CP0163,Sam,27/5/2026,25/5/2026,2026-05-27T09:00:00,2026-05-27T17:00:00,8
CP0164,Sam,28/5/2026,25/5/2026,2026-05-28T09:00:00,2026-05-28T17:00:00,8
CP0165,Sam,29/5/2026,25/5/2026,2026-05-29T09:00:00,2026-05-29T15:00:00,6
CP0166,Sarah,1/6/2026,1/6/2026,2026-06-01T09:00:00,2026-06-01T17:00:00,8
CP0167,Sarah,2/6/2026,1/6/2026,2026-06-02T09:00:00,2026-06-02T17:00:00,8
CP0168,Sarah,3/6/2026,1/6/2026,2026-06-03T09:00:00,2026-06-03T17:00:00,8
CP0169,Sarah,4/6/2026,1/6/2026,2026-06-04T09:00:00,2026-06-04T17:00:00,8
CP0170,Sarah,5/6/2026,1/6/2026,2026-06-05T09:00:00,2026-06-05T15:00:00,6
CP0171,Matthew,1/6/2026,1/6/2026,2026-06-01T09:00:00,2026-06-01T17:00:00,8
CP0172,Matthew,2/6/2026,1/6/2026,2026-06-02T09:00:00,2026-06-02T17:00:00,8
CP0173,Matthew,3/6/2026,1/6/2026,2026-06-03T09:00:00,2026-06-03T17:00:00,8
CP0174,Matthew,4/6/2026,1/6/2026,2026-06-04T09:00:00,2026-06-04T17:00:00,8
CP0175,Matthew,5/6/2026,1/6/2026,2026-06-05T09:00:00,2026-06-05T15:00:00,6
CP0176,Sam,1/6/2026,1/6/2026,2026-06-01T09:00:00,2026-06-01T17:00:00,8
CP0177,Sam,2/6/2026,1/6/2026,2026-06-02T09:00:00,2026-06-02T17:00:00,8
CP0178,Sam,3/6/2026,1/6/2026,2026-06-03T09:00:00,2026-06-03T17:00:00,8
CP0179,Sam,4/6/2026,1/6/2026,2026-06-04T09:00:00,2026-06-04T17:00:00,8
CP0180,Sam,5/6/2026,1/6/2026,2026-06-05T09:00:00,2026-06-05T15:00:00,6
CP0181,Sarah,8/6/2026,8/6/2026,2026-06-08T09:00:00,2026-06-08T17:00:00,8
CP0182,Sarah,9/6/2026,8/6/2026,2026-06-09T09:00:00,2026-06-09T17:00:00,8
CP0183,Sarah,10/6/2026,8/6/2026,2026-06-10T09:00:00,2026-06-10T17:00:00,8
CP0184,Sarah,11/6/2026,8/6/2026,2026-06-11T09:00:00,2026-06-11T17:00:00,8
CP0185,Sarah,12/6/2026,8/6/2026,2026-06-12T09:00:00,2026-06-12T15:00:00,6
CP0186,Matthew,8/6/2026,8/6/2026,2026-06-08T09:00:00,2026-06-08T17:00:00,8
CP0187,Matthew,9/6/2026,8/6/2026,2026-06-09T09:00:00,2026-06-09T17:00:00,8
CP0188,Matthew,10/6/2026,8/6/2026,2026-06-10T09:00:00,2026-06-10T17:00:00,8
CP0189,Matthew,11/6/2026,8/6/2026,2026-06-11T09:00:00,2026-06-11T17:00:00,8
CP0190,Matthew,12/6/2026,8/6/2026,2026-06-12T09:00:00,2026-06-12T15:00:00,6
CP0191,Sam,8/6/2026,8/6/2026,2026-06-08T09:00:00,2026-06-08T17:00:00,8
CP0192,Sam,9/6/2026,8/6/2026,2026-06-09T09:00:00,2026-06-09T17:00:00,8
CP0193,Sam,10/6/2026,8/6/2026,2026-06-10T09:00:00,2026-06-10T17:00:00,8
CP0194,Sam,11/6/2026,8/6/2026,2026-06-11T09:00:00,2026-06-11T17:00:00,8
CP0195,Sam,12/6/2026,8/6/2026,2026-06-12T09:00:00,2026-06-12T15:00:00,6
CP0196,Sarah,15/6/2026,15/6/2026,2026-06-15T09:00:00,2026-06-15T17:00:00,8
CP0197,Sarah,16/6/2026,15/6/2026,2026-06-16T09:00:00,2026-06-16T17:00:00,8
CP0198,Sarah,17/6/2026,15/6/2026,2026-06-17T09:00:00,2026-06-17T17:00:00,8
CP0199,Sarah,18/6/2026,15/6/2026,2026-06-18T09:00:00,2026-06-18T17:00:00,8
CP0200,Sarah,19/6/2026,15/6/2026,2026-06-19T09:00:00,2026-06-19T15:00:00,6
CP0201,Matthew,15/6/2026,15/6/2026,2026-06-15T09:00:00,2026-06-15T17:00:00,8
CP0202,Matthew,16/6/2026,15/6/2026,2026-06-16T09:00:00,2026-06-16T17:00:00,8
CP0203,Matthew,17/6/2026,15/6/2026,2026-06-17T09:00:00,2026-06-17T17:00:00,8
CP0204,Matthew,18/6/2026,15/6/2026,2026-06-18T09:00:00,2026-06-18T17:00:00,8
CP0205,Matthew,19/6/2026,15/6/2026,2026-06-19T09:00:00,2026-06-19T15:00:00,6
CP0206,Sam,15/6/2026,15/6/2026,2026-06-15T09:00:00,2026-06-15T17:00:00,8
CP0207,Sam,16/6/2026,15/6/2026,2026-06-16T09:00:00,2026-06-16T17:00:00,8
CP0208,Sam,17/6/2026,15/6/2026,2026-06-17T09:00:00,2026-06-17T17:00:00,8
CP0209,Sam,18/6/2026,15/6/2026,2026-06-18T09:00:00,2026-06-18T17:00:00,8
CP0210,Sam,19/6/2026,15/6/2026,2026-06-19T09:00:00,2026-06-19T15:00:00,6
CP0211,Sarah,22/6/2026,22/6/2026,2026-06-22T09:00:00,2026-06-22T17:00:00,8
CP0212,Sarah,23/6/2026,22/6/2026,2026-06-23T09:00:00,2026-06-23T17:00:00,8
CP0213,Sarah,24/6/2026,22/6/2026,2026-06-24T09:00:00,2026-06-24T17:00:00,8
CP0214,Sarah,25/6/2026,22/6/2026,2026-06-25T09:00:00,2026-06-25T17:00:00,8
CP0215,Sarah,26/6/2026,22/6/2026,2026-06-26T09:00:00,2026-06-26T15:00:00,6
CP0216,Matthew,22/6/2026,22/6/2026,2026-06-22T09:00:00,2026-06-22T17:00:00,8
CP0217,Matthew,23/6/2026,22/6/2026,2026-06-23T09:00:00,2026-06-23T17:00:00,8
CP0218,Matthew,24/6/2026,22/6/2026,2026-06-24T09:00:00,2026-06-24T17:00:00,8
CP0219,Matthew,25/6/2026,22/6/2026,2026-06-25T09:00:00,2026-06-25T17:00:00,8
CP0220,Matthew,26/6/2026,22/6/2026,2026-06-26T09:00:00,2026-06-26T15:00:00,6
CP0221,Sam,22/6/2026,22/6/2026,2026-06-22T09:00:00,2026-06-22T17:00:00,8
CP0222,Sam,23/6/2026,22/6/2026,2026-06-23T09:00:00,2026-06-23T17:00:00,8
CP0223,Sam,24/6/2026,22/6/2026,2026-06-24T09:00:00,2026-06-24T17:00:00,8
CP0224,Sam,25/6/2026,22/6/2026,2026-06-25T09:00:00,2026-06-25T17:00:00,8
CP0225,Sam,26/6/2026,22/6/2026,2026-06-26T09:00:00,2026-06-26T15:00:00,6
CP0226,Sarah,29/6/2026,29/6/2026,2026-06-29T09:00:00,2026-06-29T17:00:00,8
CP0227,Sarah,30/6/2026,29/6/2026,2026-06-30T09:00:00,2026-06-30T17:00:00,8
CP0228,Sarah,1/7/2026,29/6/2026,2026-07-01T09:00:00,2026-07-01T17:00:00,8
CP0229,Sarah,2/7/2026,29/6/2026,2026-07-02T09:00:00,2026-07-02T17:00:00,8
CP0230,Sarah,3/7/2026,29/6/2026,2026-07-03T09:00:00,2026-07-03T15:00:00,6
CP0231,Matthew,29/6/2026,29/6/2026,2026-06-29T09:00:00,2026-06-29T17:00:00,8
CP0232,Matthew,30/6/2026,29/6/2026,2026-06-30T09:00:00,2026-06-30T17:00:00,8
CP0233,Matthew,1/7/2026,29/6/2026,2026-07-01T09:00:00,2026-07-01T17:00:00,8
CP0234,Matthew,2/7/2026,29/6/2026,2026-07-02T09:00:00,2026-07-02T17:00:00,8
CP0235,Matthew,3/7/2026,29/6/2026,2026-07-03T09:00:00,2026-07-03T15:00:00,6
CP0236,Sam,29/6/2026,29/6/2026,2026-06-29T09:00:00,2026-06-29T17:00:00,8
CP0237,Sam,30/6/2026,29/6/2026,2026-06-30T09:00:00,2026-06-30T17:00:00,8
CP0238,Sam,1/7/2026,29/6/2026,2026-07-01T09:00:00,2026-07-01T17:00:00,8
CP0239,Sam,2/7/2026,29/6/2026,2026-07-02T09:00:00,2026-07-02T17:00:00,8
CP0240,Sam,3/7/2026,29/6/2026,2026-07-03T09:00:00,2026-07-03T15:00:00,6
CP0241,Sarah,6/7/2026,6/7/2026,2026-07-06T09:00:00,2026-07-06T17:00:00,8
CP0242,Sarah,7/7/2026,6/7/2026,2026-07-07T09:00:00,2026-07-07T17:00:00,8
CP0243,Sarah,8/7/2026,6/7/2026,2026-07-08T09:00:00,2026-07-08T17:00:00,8
CP0244,Sarah,9/7/2026,6/7/2026,2026-07-09T09:00:00,2026-07-09T17:00:00,8
CP0245,Sarah,10/7/2026,6/7/2026,2026-07-10T09:00:00,2026-07-10T15:00:00,6
CP0246,Matthew,6/7/2026,6/7/2026,2026-07-06T09:00:00,2026-07-06T17:00:00,8
CP0247,Matthew,7/7/2026,6/7/2026,2026-07-07T09:00:00,2026-07-07T17:00:00,8
CP0248,Matthew,8/7/2026,6/7/2026,2026-07-08T09:00:00,2026-07-08T17:00:00,8
CP0249,Matthew,9/7/2026,6/7/2026,2026-07-09T09:00:00,2026-07-09T17:00:00,8
CP0250,Matthew,10/7/2026,6/7/2026,2026-07-10T09:00:00,2026-07-10T15:00:00,6
CP0251,Sam,6/7/2026,6/7/2026,2026-07-06T09:00:00,2026-07-06T17:00:00,8
CP0252,Sam,7/7/2026,6/7/2026,2026-07-07T09:00:00,2026-07-07T17:00:00,8
CP0253,Sam,8/7/2026,6/7/2026,2026-07-08T09:00:00,2026-07-08T17:00:00,8
CP0254,Sam,9/7/2026,6/7/2026,2026-07-09T09:00:00,2026-07-09T17:00:00,8
CP0255,Sam,10/7/2026,6/7/2026,2026-07-10T09:00:00,2026-07-10T15:00:00,6
CP0256,Sarah,13/7/2026,13/7/2026,2026-07-13T09:00:00,2026-07-13T17:00:00,8
CP0257,Sarah,14/7/2026,13/7/2026,2026-07-14T09:00:00,2026-07-14T17:00:00,8
CP0258,Sarah,15/7/2026,13/7/2026,2026-07-15T09:00:00,2026-07-15T17:00:00,8
CP0259,Sarah,16/7/2026,13/7/2026,2026-07-16T09:00:00,2026-07-16T17:00:00,8
CP0260,Sarah,17/7/2026,13/7/2026,2026-07-17T09:00:00,2026-07-17T15:00:00,6
CP0261,Matthew,13/7/2026,13/7/2026,2026-07-13T09:00:00,2026-07-13T17:00:00,8
CP0262,Matthew,14/7/2026,13/7/2026,2026-07-14T09:00:00,2026-07-14T17:00:00,8
CP0263,Matthew,15/7/2026,13/7/2026,2026-07-15T09:00:00,2026-07-15T17:00:00,8
CP0264,Matthew,16/7/2026,13/7/2026,2026-07-16T09:00:00,2026-07-16T17:00:00,8
CP0265,Matthew,17/7/2026,13/7/2026,2026-07-17T09:00:00,2026-07-17T15:00:00,6
CP0266,Sam,13/7/2026,13/7/2026,2026-07-13T09:00:00,2026-07-13T17:00:00,8
CP0267,Sam,14/7/2026,13/7/2026,2026-07-14T09:00:00,2026-07-14T17:00:00,8
CP0268,Sam,15/7/2026,13/7/2026,2026-07-15T09:00:00,2026-07-15T17:00:00,8
CP0269,Sam,16/7/2026,13/7/2026,2026-07-16T09:00:00,2026-07-16T17:00:00,8
CP0270,Sam,17/7/2026,13/7/2026,2026-07-17T09:00:00,2026-07-17T15:00:00,6
CP0271,Sarah,20/7/2026,20/7/2026,2026-07-20T09:00:00,2026-07-20T17:00:00,8
CP0272,Sarah,21/7/2026,20/7/2026,2026-07-21T09:00:00,2026-07-21T17:00:00,8
CP0273,Sarah,22/7/2026,20/7/2026,2026-07-22T09:00:00,2026-07-22T17:00:00,8
CP0274,Sarah,23/7/2026,20/7/2026,2026-07-23T09:00:00,2026-07-23T17:00:00,8
CP0275,Sarah,24/7/2026,20/7/2026,2026-07-24T09:00:00,2026-07-24T15:00:00,6
CP0276,Matthew,20/7/2026,20/7/2026,2026-07-20T09:00:00,2026-07-20T17:00:00,8
CP0277,Matthew,21/7/2026,20/7/2026,2026-07-21T09:00:00,2026-07-21T17:00:00,8
CP0278,Matthew,22/7/2026,20/7/2026,2026-07-22T09:00:00,2026-07-22T17:00:00,8
CP0279,Matthew,23/7/2026,20/7/2026,2026-07-23T09:00:00,2026-07-23T17:00:00,8
CP0280,Matthew,24/7/2026,20/7/2026,2026-07-24T09:00:00,2026-07-24T15:00:00,6
CP0281,Sam,20/7/2026,20/7/2026,2026-07-20T09:00:00,2026-07-20T17:00:00,8
CP0282,Sam,21/7/2026,20/7/2026,2026-07-21T09:00:00,2026-07-21T17:00:00,8
CP0283,Sam,22/7/2026,20/7/2026,2026-07-22T09:00:00,2026-07-22T17:00:00,8
CP0284,Sam,23/7/2026,20/7/2026,2026-07-23T09:00:00,2026-07-23T17:00:00,8
CP0285,Sam,24/7/2026,20/7/2026,2026-07-24T09:00:00,2026-07-24T15:00:00,6
CP0286,Sarah,27/7/2026,27/7/2026,2026-07-27T09:00:00,2026-07-27T17:00:00,8
CP0287,Sarah,28/7/2026,27/7/2026,2026-07-28T09:00:00,2026-07-28T17:00:00,8
CP0288,Sarah,29/7/2026,27/7/2026,2026-07-29T09:00:00,2026-07-29T17:00:00,8
CP0289,Sarah,30/7/2026,27/7/2026,2026-07-30T09:00:00,2026-07-30T17:00:00,8
CP0290,Sarah,31/7/2026,27/7/2026,2026-07-31T09:00:00,2026-07-31T15:00:00,6
CP0291,Matthew,27/7/2026,27/7/2026,2026-07-27T09:00:00,2026-07-27T17:00:00,8
CP0292,Matthew,28/7/2026,27/7/2026,2026-07-28T09:00:00,2026-07-28T17:00:00,8
CP0293,Matthew,29/7/2026,27/7/2026,2026-07-29T09:00:00,2026-07-29T17:00:00,8
CP0294,Matthew,30/7/2026,27/7/2026,2026-07-30T09:00:00,2026-07-30T17:00:00,8
CP0295,Matthew,31/7/2026,27/7/2026,2026-07-31T09:00:00,2026-07-31T15:00:00,6
CP0296,Sam,27/7/2026,27/7/2026,2026-07-27T09:00:00,2026-07-27T17:00:00,8
CP0297,Sam,28/7/2026,27/7/2026,2026-07-28T09:00:00,2026-07-28T17:00:00,8
CP0298,Sam,29/7/2026,27/7/2026,2026-07-29T09:00:00,2026-07-29T17:00:00,8
CP0299,Sam,30/7/2026,27/7/2026,2026-07-30T09:00:00,2026-07-30T17:00:00,8
CP0300,Sam,31/7/2026,27/7/2026,2026-07-31T09:00:00,2026-07-31T15:00:00,6
CP0301,Sarah,3/8/2026,3/8/2026,2026-08-03T09:00:00,2026-08-03T17:00:00,8
CP0302,Sarah,4/8/2026,3/8/2026,2026-08-04T09:00:00,2026-08-04T17:00:00,8
CP0303,Sarah,5/8/2026,3/8/2026,2026-08-05T09:00:00,2026-08-05T17:00:00,8
CP0304,Sarah,6/8/2026,3/8/2026,2026-08-06T09:00:00,2026-08-06T17:00:00,8
CP0305,Sarah,7/8/2026,3/8/2026,2026-08-07T09:00:00,2026-08-07T15:00:00,6
CP0306,Matthew,3/8/2026,3/8/2026,2026-08-03T09:00:00,2026-08-03T17:00:00,8
CP0307,Matthew,4/8/2026,3/8/2026,2026-08-04T09:00:00,2026-08-04T17:00:00,8
CP0308,Matthew,5/8/2026,3/8/2026,2026-08-05T09:00:00,2026-08-05T17:00:00,8
CP0309,Matthew,6/8/2026,3/8/2026,2026-08-06T09:00:00,2026-08-06T17:00:00,8
CP0310,Matthew,7/8/2026,3/8/2026,2026-08-07T09:00:00,2026-08-07T15:00:00,6
CP0311,Sam,3/8/2026,3/8/2026,2026-08-03T09:00:00,2026-08-03T17:00:00,8
CP0312,Sam,4/8/2026,3/8/2026,2026-08-04T09:00:00,2026-08-04T17:00:00,8
CP0313,Sam,5/8/2026,3/8/2026,2026-08-05T09:00:00,2026-08-05T17:00:00,8
CP0314,Sam,6/8/2026,3/8/2026,2026-08-06T09:00:00,2026-08-06T17:00:00,8
CP0315,Sam,7/8/2026,3/8/2026,2026-08-07T09:00:00,2026-08-07T15:00:00,6
CP0316,Sarah,10/8/2026,10/8/2026,2026-08-10T09:00:00,2026-08-10T17:00:00,8
CP0317,Sarah,11/8/2026,10/8/2026,2026-08-11T09:00:00,2026-08-11T17:00:00,8
CP0318,Sarah,12/8/2026,10/8/2026,2026-08-12T09:00:00,2026-08-12T17:00:00,8
CP0319,Sarah,13/8/2026,10/8/2026,2026-08-13T09:00:00,2026-08-13T17:00:00,8
CP0320,Sarah,14/8/2026,10/8/2026,2026-08-14T09:00:00,2026-08-14T15:00:00,6
CP0321,Matthew,10/8/2026,10/8/2026,2026-08-10T09:00:00,2026-08-10T17:00:00,8
CP0322,Matthew,11/8/2026,10/8/2026,2026-08-11T09:00:00,2026-08-11T17:00:00,8
CP0323,Matthew,12/8/2026,10/8/2026,2026-08-12T09:00:00,2026-08-12T17:00:00,8
CP0324,Matthew,13/8/2026,10/8/2026,2026-08-13T09:00:00,2026-08-13T17:00:00,8
CP0325,Matthew,14/8/2026,10/8/2026,2026-08-14T09:00:00,2026-08-14T15:00:00,6
CP0326,Sam,10/8/2026,10/8/2026,2026-08-10T09:00:00,2026-08-10T17:00:00,8
CP0327,Sam,11/8/2026,10/8/2026,2026-08-11T09:00:00,2026-08-11T17:00:00,8
CP0328,Sam,12/8/2026,10/8/2026,2026-08-12T09:00:00,2026-08-12T17:00:00,8
CP0329,Sam,13/8/2026,10/8/2026,2026-08-13T09:00:00,2026-08-13T17:00:00,8
CP0330,Sam,14/8/2026,10/8/2026,2026-08-14T09:00:00,2026-08-14T15:00:00,6
CP0331,Sarah,17/8/2026,17/8/2026,2026-08-17T09:00:00,2026-08-17T17:00:00,8
CP0332,Sarah,18/8/2026,17/8/2026,2026-08-18T09:00:00,2026-08-18T17:00:00,8
CP0333,Sarah,19/8/2026,17/8/2026,2026-08-19T09:00:00,2026-08-19T17:00:00,8
CP0334,Sarah,20/8/2026,17/8/2026,2026-08-20T09:00:00,2026-08-20T17:00:00,8
CP0335,Sarah,21/8/2026,17/8/2026,2026-08-21T09:00:00,2026-08-21T15:00:00,6
CP0336,Matthew,17/8/2026,17/8/2026,2026-08-17T09:00:00,2026-08-17T17:00:00,8
CP0337,Matthew,18/8/2026,17/8/2026,2026-08-18T09:00:00,2026-08-18T17:00:00,8
CP0338,Matthew,19/8/2026,17/8/2026,2026-08-19T09:00:00,2026-08-19T17:00:00,8
CP0339,Matthew,20/8/2026,17/8/2026,2026-08-20T09:00:00,2026-08-20T17:00:00,8
CP0340,Matthew,21/8/2026,17/8/2026,2026-08-21T09:00:00,2026-08-21T15:00:00,6
CP0341,Sam,17/8/2026,17/8/2026,2026-08-17T09:00:00,2026-08-17T17:00:00,8
CP0342,Sam,18/8/2026,17/8/2026,2026-08-18T09:00:00,2026-08-18T17:00:00,8
CP0343,Sam,19/8/2026,17/8/2026,2026-08-19T09:00:00,2026-08-19T17:00:00,8
CP0344,Sam,20/8/2026,17/8/2026,2026-08-20T09:00:00,2026-08-20T17:00:00,8
CP0345,Sam,21/8/2026,17/8/2026,2026-08-21T09:00:00,2026-08-21T15:00:00,6
CP0346,Sarah,24/8/2026,24/8/2026,2026-08-24T09:00:00,2026-08-24T17:00:00,8
CP0347,Sarah,25/8/2026,24/8/2026,2026-08-25T09:00:00,2026-08-25T17:00:00,8
CP0348,Sarah,26/8/2026,24/8/2026,2026-08-26T09:00:00,2026-08-26T17:00:00,8
CP0349,Sarah,27/8/2026,24/8/2026,2026-08-27T09:00:00,2026-08-27T17:00:00,8
CP0350,Sarah,28/8/2026,24/8/2026,2026-08-28T09:00:00,2026-08-28T15:00:00,6
CP0351,Matthew,24/8/2026,24/8/2026,2026-08-24T09:00:00,2026-08-24T17:00:00,8
CP0352,Matthew,25/8/2026,24/8/2026,2026-08-25T09:00:00,2026-08-25T17:00:00,8
CP0353,Matthew,26/8/2026,24/8/2026,2026-08-26T09:00:00,2026-08-26T17:00:00,8
CP0354,Matthew,27/8/2026,24/8/2026,2026-08-27T09:00:00,2026-08-27T17:00:00,8
CP0355,Matthew,28/8/2026,24/8/2026,2026-08-28T09:00:00,2026-08-28T15:00:00,6
CP0356,Sam,24/8/2026,24/8/2026,2026-08-24T09:00:00,2026-08-24T17:00:00,8
CP0357,Sam,25/8/2026,24/8/2026,2026-08-25T09:00:00,2026-08-25T17:00:00,8
CP0358,Sam,26/8/2026,24/8/2026,2026-08-26T09:00:00,2026-08-26T17:00:00,8
CP0359,Sam,27/8/2026,24/8/2026,2026-08-27T09:00:00,2026-08-27T17:00:00,8
CP0360,Sam,28/8/2026,24/8/2026,2026-08-28T09:00:00,2026-08-28T15:00:00,6
CP0361,Sarah,31/8/2026,31/8/2026,2026-08-31T09:00:00,2026-08-31T17:00:00,8
CP0362,Sarah,1/9/2026,31/8/2026,2026-09-01T09:00:00,2026-09-01T17:00:00,8
CP0363,Sarah,2/9/2026,31/8/2026,2026-09-02T09:00:00,2026-09-02T17:00:00,8
CP0364,Sarah,3/9/2026,31/8/2026,2026-09-03T09:00:00,2026-09-03T17:00:00,8
CP0365,Sarah,4/9/2026,31/8/2026,2026-09-04T09:00:00,2026-09-04T15:00:00,6
CP0366,Matthew,31/8/2026,31/8/2026,2026-08-31T09:00:00,2026-08-31T17:00:00,8
CP0367,Matthew,1/9/2026,31/8/2026,2026-09-01T09:00:00,2026-09-01T17:00:00,8
CP0368,Matthew,2/9/2026,31/8/2026,2026-09-02T09:00:00,2026-09-02T17:00:00,8
CP0369,Matthew,3/9/2026,31/8/2026,2026-09-03T09:00:00,2026-09-03T17:00:00,8
CP0370,Matthew,4/9/2026,31/8/2026,2026-09-04T09:00:00,2026-09-04T15:00:00,6
CP0371,Sam,31/8/2026,31/8/2026,2026-08-31T09:00:00,2026-08-31T17:00:00,8
CP0372,Sam,1/9/2026,31/8/2026,2026-09-01T09:00:00,2026-09-01T17:00:00,8
CP0373,Sam,2/9/2026,31/8/2026,2026-09-02T09:00:00,2026-09-02T17:00:00,8
CP0374,Sam,3/9/2026,31/8/2026,2026-09-03T09:00:00,2026-09-03T17:00:00,8
CP0375,Sam,4/9/2026,31/8/2026,2026-09-04T09:00:00,2026-09-04T15:00:00,6
CP0376,Sarah,7/9/2026,7/9/2026,2026-09-07T09:00:00,2026-09-07T17:00:00,8
CP0377,Sarah,8/9/2026,7/9/2026,2026-09-08T09:00:00,2026-09-08T17:00:00,8
CP0378,Sarah,9/9/2026,7/9/2026,2026-09-09T09:00:00,2026-09-09T17:00:00,8
CP0379,Sarah,10/9/2026,7/9/2026,2026-09-10T09:00:00,2026-09-10T17:00:00,8
CP0380,Sarah,11/9/2026,7/9/2026,2026-09-11T09:00:00,2026-09-11T15:00:00,6
CP0381,Matthew,7/9/2026,7/9/2026,2026-09-07T09:00:00,2026-09-07T17:00:00,8
CP0382,Matthew,8/9/2026,7/9/2026,2026-09-08T09:00:00,2026-09-08T17:00:00,8
CP0383,Matthew,9/9/2026,7/9/2026,2026-09-09T09:00:00,2026-09-09T17:00:00,8
CP0384,Matthew,10/9/2026,7/9/2026,2026-09-10T09:00:00,2026-09-10T17:00:00,8
CP0385,Matthew,11/9/2026,7/9/2026,2026-09-11T09:00:00,2026-09-11T15:00:00,6
CP0386,Sam,7/9/2026,7/9/2026,2026-09-07T09:00:00,2026-09-07T17:00:00,8
CP0387,Sam,8/9/2026,7/9/2026,2026-09-08T09:00:00,2026-09-08T17:00:00,8
CP0388,Sam,9/9/2026,7/9/2026,2026-09-09T09:00:00,2026-09-09T17:00:00,8
CP0389,Sam,10/9/2026,7/9/2026,2026-09-10T09:00:00,2026-09-10T17:00:00,8
CP0390,Sam,11/9/2026,7/9/2026,2026-09-11T09:00:00,2026-09-11T15:00:00,6
CP0391,Sarah,14/9/2026,14/9/2026,2026-09-14T09:00:00,2026-09-14T17:00:00,8
CP0392,Sarah,15/9/2026,14/9/2026,2026-09-15T09:00:00,2026-09-15T17:00:00,8
CP0393,Sarah,16/9/2026,14/9/2026,2026-09-16T09:00:00,2026-09-16T17:00:00,8
CP0394,Sarah,17/9/2026,14/9/2026,2026-09-17T09:00:00,2026-09-17T17:00:00,8
CP0395,Sarah,18/9/2026,14/9/2026,2026-09-18T09:00:00,2026-09-18T15:00:00,6
CP0396,Matthew,14/9/2026,14/9/2026,2026-09-14T09:00:00,2026-09-14T17:00:00,8
CP0397,Matthew,15/9/2026,14/9/2026,2026-09-15T09:00:00,2026-09-15T17:00:00,8
CP0398,Matthew,16/9/2026,14/9/2026,2026-09-16T09:00:00,2026-09-16T17:00:00,8
CP0399,Matthew,17/9/2026,14/9/2026,2026-09-17T09:00:00,2026-09-17T17:00:00,8
CP0400,Matthew,18/9/2026,14/9/2026,2026-09-18T09:00:00,2026-09-18T15:00:00,6
CP0401,Sam,14/9/2026,14/9/2026,2026-09-14T09:00:00,2026-09-14T17:00:00,8
CP0402,Sam,15/9/2026,14/9/2026,2026-09-15T09:00:00,2026-09-15T17:00:00,8
CP0403,Sam,16/9/2026,14/9/2026,2026-09-16T09:00:00,2026-09-16T17:00:00,8
CP0404,Sam,17/9/2026,14/9/2026,2026-09-17T09:00:00,2026-09-17T17:00:00,8
CP0405,Sam,18/9/2026,14/9/2026,2026-09-18T09:00:00,2026-09-18T15:00:00,6
CP0406,Sarah,21/9/2026,21/9/2026,2026-09-21T09:00:00,2026-09-21T17:00:00,8
CP0407,Sarah,22/9/2026,21/9/2026,2026-09-22T09:00:00,2026-09-22T17:00:00,8
CP0408,Sarah,23/9/2026,21/9/2026,2026-09-23T09:00:00,2026-09-23T17:00:00,8
CP0409,Sarah,24/9/2026,21/9/2026,2026-09-24T09:00:00,2026-09-24T17:00:00,8
CP0410,Sarah,25/9/2026,21/9/2026,2026-09-25T09:00:00,2026-09-25T15:00:00,6
CP0411,Matthew,21/9/2026,21/9/2026,2026-09-21T09:00:00,2026-09-21T17:00:00,8
CP0412,Matthew,22/9/2026,21/9/2026,2026-09-22T09:00:00,2026-09-22T17:00:00,8
CP0413,Matthew,23/9/2026,21/9/2026,2026-09-23T09:00:00,2026-09-23T17:00:00,8
CP0414,Matthew,24/9/2026,21/9/2026,2026-09-24T09:00:00,2026-09-24T17:00:00,8
CP0415,Matthew,25/9/2026,21/9/2026,2026-09-25T09:00:00,2026-09-25T15:00:00,6
CP0416,Sam,21/9/2026,21/9/2026,2026-09-21T09:00:00,2026-09-21T17:00:00,8
CP0417,Sam,22/9/2026,21/9/2026,2026-09-22T09:00:00,2026-09-22T17:00:00,8
CP0418,Sam,23/9/2026,21/9/2026,2026-09-23T09:00:00,2026-09-23T17:00:00,8
CP0419,Sam,24/9/2026,21/9/2026,2026-09-24T09:00:00,2026-09-24T17:00:00,8
CP0420,Sam,25/9/2026,21/9/2026,2026-09-25T09:00:00,2026-09-25T15:00:00,6
